ID,x,y,time
44149,48.127289,-122.922862,22-06-23 07:31:07
44149,48.127247,-122.92284,22-06-23 08:01:21
44149,48.126909,-122.92147,22-06-23 08:16:21
44149,48.137079,-122.884536,22-06-23 08:31:07
44149,48.147379,-122.883632,22-06-23 08:46:08
44149,48.147912,-122.87944,22-06-23 09:01:09
44149,48.148149,-122.882286,22-06-23 09:16:09
44149,48.148049,-122.885643,22-06-23 09:31:05
44149,48.148153,-122.89027,22-06-23 09:46:09
44149,48.148384,-122.895148,22-06-23 10:01:05
44149,48.149076,-122.900251,22-06-23 10:16:05
44149,48.149824,-122.905607,22-06-23 10:31:07
44149,48.15119,-122.911639,22-06-23 10:46:06
44149,48.153567,-122.918017,22-06-23 11:01:06
44149,48.157122,-122.929505,22-06-23 11:16:07
44149,48.161572,-122.941503,22-06-23 11:31:05
44149,48.231104,-122.943619,22-06-23 11:46:05
44149,48.356436,-122.938102,22-06-23 12:01:05
44149,48.396043,-122.963498,22-06-23 12:16:24
44149,48.430306,-122.974611,22-06-23 12:31:18
44149,48.427665,-122.973104,22-06-23 12:46:07
44149,48.423453,-122.978284,22-06-23 13:01:07
44149,48.417495,-122.982701,22-06-23 13:16:53
44149,48.420569,-122.977413,22-06-23 13:33:54
44149,48.41432,-122.986649,22-06-23 14:07:18
44149,48.412703,-122.987452,22-06-23 14:22:31
44149,48.410805,-122.989839,22-06-23 14:37:32
44149,48.410045,-122.99233,22-06-23 14:52:30
44149,48.409288,-122.993436,22-06-23 15:07:31
44149,48.410106,-122.992854,22-06-23 15:24:41
44149,48.412223,-122.993578,22-06-23 15:41:31
44149,48.412834,-122.995593,22-06-23 15:58:32
45653,48.122949,-122.912059,23-07-13 06:30:49
45653,48.121094,-122.908424,23-07-13 06:47:48
45653,48.118649,-122.906581,23-07-13 07:04:47
45653,48.117223,-122.903641,23-07-13 07:21:52
45653,48.116017,-122.902367,23-07-13 07:38:51
45653,48.115436,-122.90216,23-07-13 07:55:50
45653,48.113671,-122.904801,23-07-13 08:12:55
45653,48.11502,-122.910104,23-07-13 08:27:51
45653,48.126592,-122.922826,23-07-13 08:42:55
45653,48.128991,-122.921388,23-07-13 08:57:53
45653,48.129133,-122.921459,23-07-13 09:12:51
45653,48.1274,-122.921728,23-07-13 09:27:52
45653,48.126896,-122.923199,23-07-13 09:42:52
45653,48.128651,-122.921645,23-07-13 09:57:52
45653,48.125494,-122.925919,23-07-13 10:12:52
45653,48.127429,-122.922508,23-07-13 10:27:53
45653,48.126917,-122.923108,23-07-13 10:42:52
45653,48.126917,-122.923174,23-07-13 10:57:54
45653,48.21807,-122.939375,23-07-13 11:12:52
45653,48.220254,-122.948789,23-07-13 11:29:53
45653,48.269163,-122.968559,23-07-13 11:45:39
45653,48.344337,-122.974825,23-07-13 12:02:43
45653,48.409668,-122.991326,23-07-13 12:19:43
45653,48.432569,-122.981394,23-07-13 12:36:46
45653,48.415327,-122.964199,23-07-13 12:53:47
45653,48.418369,-122.962459,23-07-13 13:10:55
45653,48.411934,-122.966161,23-07-13 13:27:44
45653,48.405902,-122.972259,23-07-13 13:44:47
45653,48.401062,-122.979462,23-07-13 14:01:47
45653,48.39851,-122.987089,23-07-13 14:18:56
45659,48.118178,-122.910885,23-07-13 07:00:56
45659,48.115964,-122.90755,23-07-13 07:17:56
45659,48.113927,-122.908816,23-07-13 07:34:58
45659,48.112218,-122.910873,23-07-13 07:51:56
45659,48.111012,-122.912199,23-07-13 08:08:58
45659,48.107689,-122.913401,23-07-13 08:25:56
45659,48.105236,-122.915117,23-07-13 08:42:58
45659,48.104471,-122.918484,23-07-13 08:59:56
45659,48.1054,-122.920594,23-07-13 09:16:58
45659,48.105649,-122.922979,23-07-13 09:34:00
45659,48.107052,-122.923599,23-07-13 09:50:59
45659,48.107548,-122.927236,23-07-13 10:07:59
45659,48.109069,-122.931263,23-07-13 10:24:57
45659,48.109338,-122.936714,23-07-13 10:41:57
45659,48.110437,-122.938023,23-07-13 10:58:57
45659,48.109262,-122.939217,23-07-13 11:15:57
45659,48.108595,-122.952,23-07-13 11:32:59
45659,48.109295,-122.966661,23-07-13 11:49:57
45659,48.125293,-122.976599,23-07-13 12:24:06
45659,48.124076,-122.978035,23-07-13 12:40:58
45659,48.121887,-122.980082,23-07-13 12:58:02
45659,48.11848,-122.980129,23-07-13 13:15:00
45659,48.11672,-122.985551,23-07-13 13:32:00
45659,48.117852,-122.992492,23-07-13 13:49:00
45659,48.11824,-122.996001,23-07-13 14:05:58
45659,48.156344,-122.873029,23-07-13 14:22:58
45659,48.1428,-122.727324,23-07-13 14:57:03
45659,48.148119,-122.734109,23-07-13 15:14:01
45659,48.152036,-122.738723,23-07-13 15:31:00
45659,48.154186,-122.741417,23-07-13 15:48:00
45659,48.15596,-122.743271,23-07-13 16:05:01
45659,48.157711,-122.744205,23-07-13 16:21:59
45659,48.159033,-122.744464,23-07-13 16:38:59
45659,48.189894,-122.710852,23-07-13 16:55:59
45659,48.187405,-122.717945,23-07-13 17:13:01
45659,48.183052,-122.713416,23-07-13 17:29:59
45659,48.175964,-122.711158,23-07-13 17:47:03
45659,48.167207,-122.709527,23-07-13 18:04:02
45659,48.156763,-122.701415,23-07-13 18:19:01
45659,48.144636,-122.691536,23-07-13 18:34:00
45659,48.13442,-122.679708,23-07-13 18:49:00
45659,48.125485,-122.666194,23-07-13 19:04:02
45659,48.116171,-122.653051,23-07-13 19:21:00
45659,48.106454,-122.64184,23-07-13 19:38:03
45659,48.094205,-122.636272,23-07-13 19:55:02
45659,48.040197,-122.626643,23-07-13 20:12:00
45659,47.924106,-122.475757,23-07-13 20:27:01
45659,47.906128,-122.444734,23-07-13 20:44:01
45659,47.899258,-122.443477,23-07-13 21:01:04
45659,47.891398,-122.437468,23-07-13 21:18:02
45659,47.88428,-122.433934,23-07-13 21:35:02
45659,47.880333,-122.432373,23-07-13 21:52:00
45659,47.88106,-122.432019,23-07-13 22:09:00
45659,47.898147,-122.432456,23-07-13 22:26:00
45659,47.899396,-122.436392,23-07-13 22:43:00
45659,47.899921,-122.43896,23-07-13 23:00:02
45659,47.900401,-122.441037,23-07-13 23:17:00
45659,47.901471,-122.443485,23-07-13 23:34:00
45659,47.905553,-122.452633,23-07-13 23:51:00
45659,47.906868,-122.457219,23-07-14 00:08:00
45659,47.907874,-122.439086,23-07-14 00:25:02
45659,47.893137,-122.418968,23-07-14 00:42:00
45659,47.894749,-122.417141,23-07-14 00:59:00
45659,47.893831,-122.417091,23-07-14 01:16:00
45659,47.896634,-122.417179,23-07-14 01:33:00
45659,47.917519,-122.444999,23-07-14 02:07:15
45659,47.917229,-122.455449,23-07-14 02:24:02
45659,47.920436,-122.464994,23-07-14 02:41:03
45659,47.925185,-122.474957,23-07-14 02:58:02
45659,47.930774,-122.484452,23-07-14 03:15:02
45659,47.936501,-122.492671,23-07-14 03:32:03
45659,47.942361,-122.501982,23-07-14 03:49:06
45659,47.967811,-122.578575,23-07-14 04:06:03
45659,48.026936,-122.649613,23-07-14 04:23:04
45659,48.030753,-122.654047,23-07-14 04:40:02
45659,48.059862,-122.666136,23-07-14 04:57:02
45659,48.119832,-122.689426,23-07-14 05:14:03
45659,48.12217,-122.686697,23-07-14 05:31:04
45659,48.123518,-122.684204,23-07-14 05:48:03
45659,48.151436,-122.772607,23-07-14 06:05:03
45659,48.142205,-122.891272,23-07-14 06:21:18
45659,48.127181,-122.923468,23-07-14 07:06:20
45659,48.12589,-122.925683,23-07-14 07:21:25
45659,48.125794,-122.924062,23-07-14 07:36:20
45659,48.1265,-122.923131,23-07-14 08:06:23
45659,48.136681,-122.932025,23-07-14 08:21:23
45659,48.123928,-122.939619,23-07-14 09:06:23
45659,48.126177,-122.925131,23-07-14 09:21:19
45663,48.127194,-122.923233,23-07-13 07:16:21
45663,48.13277,-122.906792,23-07-13 07:33:13
45663,48.131896,-122.904372,23-07-13 07:50:13
45663,48.131082,-122.901653,23-07-13 08:07:13
45663,48.129168,-122.900354,23-07-13 08:24:13
45663,48.125476,-122.89828,23-07-13 08:41:17
45663,48.124035,-122.895719,23-07-13 08:58:16
45663,48.122346,-122.894777,23-07-13 09:15:15
45663,48.120647,-122.896052,23-07-13 09:32:12
45663,48.119297,-122.898633,23-07-13 09:49:12
45663,48.118424,-122.901538,23-07-13 10:06:12
45663,48.116755,-122.904453,23-07-13 10:23:12
45663,48.114074,-122.908385,23-07-13 10:40:12
45663,48.114314,-122.90819,23-07-13 10:57:12
45663,48.123831,-122.868442,23-07-13 11:14:12
45663,48.155098,-122.740106,23-07-13 11:31:12
45663,48.167824,-122.758867,23-07-13 11:48:12
45663,48.179998,-122.779476,23-07-13 12:05:12
45663,48.18975,-122.801295,23-07-13 12:22:13
45663,48.203,-122.822794,23-07-13 12:39:13
45663,48.215757,-122.812761,23-07-13 12:56:14
45663,48.226464,-122.835391,23-07-13 13:13:14
45663,48.237315,-122.854558,23-07-13 13:30:14
45663,48.249905,-122.871882,23-07-13 13:47:12
45663,48.253512,-122.884702,23-07-13 14:04:14
45663,48.256988,-122.893227,23-07-13 14:21:16
45663,48.260084,-122.898391,23-07-13 14:38:12
45663,48.262688,-122.902056,23-07-13 14:55:14
45663,48.265648,-122.903615,23-07-13 15:12:14
45663,48.269324,-122.904481,23-07-13 15:29:20
45663,48.271895,-122.904438,23-07-13 15:46:13
45663,48.27416,-122.904404,23-07-13 16:03:13
45663,48.276712,-122.905014,23-07-13 16:20:13
45663,48.279698,-122.904809,23-07-13 16:37:14
45663,48.282956,-122.902048,23-07-13 16:54:13
45663,48.286002,-122.898292,23-07-13 17:11:14
45663,48.289014,-122.892928,23-07-13 17:28:15
45663,48.259576,-122.884399,23-07-13 17:45:15
45663,48.245906,-122.846347,23-07-13 18:02:13
45663,48.261628,-122.847786,23-07-13 18:19:13
45663,48.258406,-122.844664,23-07-13 18:36:14
45663,48.25385,-122.842343,23-07-13 18:53:13
45663,48.250718,-122.841037,23-07-13 19:10:13
45663,48.247981,-122.840081,23-07-13 19:27:15
45663,48.245875,-122.838309,23-07-13 19:44:13
45663,48.258844,-122.866242,23-07-13 20:01:15
45663,48.257999,-122.862597,23-07-13 20:18:15
45663,48.256397,-122.85852,23-07-13 20:35:14
45663,48.254278,-122.855525,23-07-13 20:52:15
45663,48.253121,-122.853616,23-07-13 21:07:30
45663,48.261774,-122.882431,23-07-13 21:24:46
45663,48.261715,-122.878846,23-07-13 21:41:38
45663,48.261896,-122.876912,23-07-13 21:56:30
45663,48.261399,-122.875946,23-07-13 22:13:31
45663,48.26106,-122.87344,23-07-13 22:30:29
45663,48.258157,-122.871789,23-07-13 22:47:30
45663,48.257927,-122.869559,23-07-13 23:04:29
45663,48.255755,-122.869117,23-07-13 23:21:29
45663,48.252652,-122.86986,23-07-13 23:38:29
45663,48.252379,-122.874115,23-07-14 00:12:29
45663,48.253278,-122.876964,23-07-14 00:29:29
45663,48.192038,-122.737349,23-07-14 01:35:40
45663,48.127083,-122.68045,23-07-14 01:52:49
45663,48.141466,-122.689677,23-07-14 02:43:40
45663,48.150313,-122.69915,23-07-14 03:00:40
45663,48.157091,-122.709492,23-07-14 03:17:42
45663,48.160376,-122.716999,23-07-14 03:34:42
45663,48.164946,-122.726759,23-07-14 03:51:44
45663,48.167954,-122.738742,23-07-14 04:08:45
45663,48.17062,-122.749335,23-07-14 04:25:42
45663,48.17356,-122.757706,23-07-14 04:42:42
45663,48.174791,-122.764475,23-07-14 04:59:42
45663,48.174566,-122.768498,23-07-14 05:16:44
45663,48.174302,-122.767219,23-07-14 05:33:44
45663,48.172575,-122.76567,23-07-14 05:50:42
45663,48.158161,-122.803852,23-07-14 06:07:45
45663,48.156902,-122.803103,23-07-14 06:24:50
45663,48.134212,-122.891689,23-07-14 06:41:42
45663,48.131171,-122.898285,23-07-14 06:58:42
45663,48.132823,-122.899695,23-07-14 07:15:44
45663,48.1325,-122.904695,23-07-14 07:32:48
45663,48.127449,-122.922035,23-07-14 08:04:21
45663,48.127238,-122.922585,23-07-14 10:18:29
45663,48.126997,-122.922377,23-07-14 10:33:38
45663,48.127231,-122.922078,23-07-14 10:48:39
45663,48.126743,-122.921156,23-07-14 11:03:45
45663,48.172141,-122.883686,23-07-14 11:20:30
45663,48.26526,-122.860307,23-07-14 11:37:28
45663,48.394868,-122.718061,23-07-14 11:52:30
45663,48.53349,-122.686119,23-07-14 12:07:31
45663,48.559798,-122.672855,23-07-14 12:24:32
45663,48.555884,-122.674228,23-07-14 12:41:30
45663,48.544346,-122.677381,23-07-14 12:58:29
45663,48.528993,-122.69069,23-07-14 13:15:27
45663,48.515237,-122.708027,23-07-14 13:32:29
45663,48.498719,-122.72423,23-07-14 13:49:29
45663,48.480443,-122.735058,23-07-14 14:06:27
45663,48.462829,-122.742304,23-07-14 14:23:27
45663,48.447056,-122.747112,23-07-14 14:40:40
45663,48.434147,-122.750312,23-07-14 14:57:29
45663,48.535464,-122.725313,23-07-14 15:14:12
45663,48.538097,-122.784181,23-07-14 15:31:27
45663,48.53722,-122.777752,23-07-14 15:48:13
45663,48.537469,-122.773497,23-07-14 16:05:12
45663,48.540677,-122.775899,23-07-14 16:22:10
45663,48.542761,-122.775259,23-07-14 16:39:10
45663,48.545393,-122.771962,23-07-14 16:56:14
45663,48.544463,-122.760678,23-07-14 17:30:14
45663,48.543334,-122.754448,23-07-14 17:47:14
45663,48.537611,-122.752079,23-07-14 18:04:12
45663,48.533518,-122.750741,23-07-14 18:21:12
45663,48.532309,-122.749965,23-07-14 18:38:10
45663,48.532831,-122.752798,23-07-14 18:55:14
45663,48.535735,-122.753963,23-07-14 19:12:10
45663,48.499859,-122.703093,23-07-14 19:29:10
45663,48.510621,-122.702009,23-07-14 20:03:10
45663,48.520521,-122.687691,23-07-14 20:20:10
45663,48.526124,-122.67349,23-07-14 20:37:13
45663,48.529071,-122.660306,23-07-14 20:54:13
45663,48.510596,-122.671736,23-07-14 21:11:11
45663,48.511347,-122.673801,23-07-14 21:28:11
45663,48.497952,-122.707392,23-07-14 21:45:09
45663,48.50607,-122.702148,23-07-14 22:02:11
45663,48.515874,-122.697375,23-07-14 22:19:09
45663,48.524479,-122.681726,23-07-14 22:36:13
45663,48.525862,-122.673122,23-07-14 22:53:09
45663,48.525693,-122.666234,23-07-14 23:10:09
45663,48.526633,-122.662773,23-07-14 23:27:11
45663,48.526065,-122.663075,23-07-14 23:44:09
45663,48.524426,-122.660844,23-07-15 00:01:10
45663,48.52387,-122.66272,23-07-15 00:18:11
45663,48.5228,-122.669494,23-07-15 00:35:11
45663,48.530107,-122.655724,23-07-15 01:26:09
45663,48.529528,-122.660819,23-07-15 02:34:11
45663,48.531195,-122.664559,23-07-15 02:51:10
45663,48.527544,-122.671726,23-07-15 03:08:10
45663,48.525181,-122.681028,23-07-15 03:25:10
45663,48.52055,-122.695272,23-07-15 03:42:08
45663,48.442054,-122.768378,23-07-15 03:57:08
45663,48.378892,-122.777497,23-07-15 04:14:10
45663,48.377764,-122.776486,23-07-15 04:31:10
45663,48.37713,-122.773449,23-07-15 04:48:10
45663,48.375182,-122.771357,23-07-15 05:05:10
45663,48.37296,-122.767364,23-07-15 05:22:12
45663,48.37035,-122.765713,23-07-15 05:39:10
45663,48.327782,-122.794249,23-07-15 05:56:08
45663,48.282463,-122.82111,23-07-15 06:13:18
45663,48.279333,-122.823594,23-07-15 06:30:08
45663,48.226142,-122.85894,23-07-15 06:45:09
45663,48.14386,-122.885615,23-07-15 07:00:07
45663,48.126933,-122.92256,23-07-15 08:44:35
45663,48.126768,-122.923139,23-07-15 09:29:28
45663,48.127021,-122.922619,23-07-15 09:44:28
45663,48.119905,-122.913904,23-07-15 10:29:36
45663,48.126333,-122.921657,23-07-15 10:44:40
45663,48.125323,-122.920089,23-07-15 10:59:26
45663,48.164389,-122.864128,23-07-15 11:14:18
45663,48.164973,-122.870299,23-07-15 11:31:18
45663,48.164888,-122.875514,23-07-15 11:48:18
45663,48.174306,-122.87342,23-07-15 12:05:18
45663,48.24095,-122.767345,23-07-15 12:22:29
45663,48.252371,-122.774667,23-07-15 12:39:20
45663,48.253446,-122.771902,23-07-15 12:56:20
45663,48.254313,-122.769781,23-07-15 13:13:20
45663,48.256552,-122.769538,23-07-15 13:30:20
45663,48.259207,-122.768762,23-07-15 13:47:20
45663,48.26061,-122.765755,23-07-15 14:04:19
45663,48.262081,-122.758972,23-07-15 14:21:19
45663,48.216994,-122.77545,23-07-15 14:38:28
45663,48.160385,-122.748082,23-07-15 14:55:18
45663,48.136866,-122.739082,23-07-15 15:12:19
45663,48.141737,-122.738407,23-07-15 15:29:17
45663,48.141928,-122.72887,23-07-15 15:46:19
45663,48.152095,-122.737098,23-07-15 16:03:19
45663,48.158928,-122.744412,23-07-15 16:20:17
45663,48.162471,-122.750262,23-07-15 16:37:19
45663,48.165438,-122.755587,23-07-15 16:54:17
45663,48.167541,-122.760985,23-07-15 17:11:19
45663,48.167557,-122.764861,23-07-15 17:26:19
45663,48.16572,-122.765428,23-07-15 17:41:17
45663,48.164353,-122.762225,23-07-15 17:58:19
45663,48.160956,-122.754054,23-07-15 18:15:19
45663,48.128045,-122.729691,23-07-15 18:49:17
45663,48.124506,-122.725387,23-07-15 19:06:19
45663,48.119042,-122.71817,23-07-15 19:23:17
45663,48.114018,-122.711678,23-07-15 19:40:17
45663,48.111665,-122.705262,23-07-15 19:55:17
45663,48.110618,-122.695017,23-07-15 20:12:17
45663,48.107187,-122.679321,23-07-15 20:29:21
45663,48.094852,-122.656523,23-07-15 20:46:27
45663,48.079325,-122.654118,23-07-15 21:03:19
45663,48.071447,-122.663361,23-07-15 21:20:18
45663,48.072845,-122.668656,23-07-15 21:37:25
45663,48.079215,-122.665798,23-07-15 21:54:20
45663,48.086588,-122.660871,23-07-15 22:11:18
45663,48.088246,-122.646452,23-07-15 22:28:16
45663,48.077112,-122.643327,23-07-15 22:45:16
45663,48.07269,-122.649257,23-07-15 23:02:16
45663,48.077353,-122.652922,23-07-15 23:19:16
45663,48.078654,-122.651639,23-07-15 23:36:16
45663,48.075841,-122.65046,23-07-15 23:53:16
45663,48.077229,-122.651892,23-07-16 00:10:16
45663,48.079722,-122.654679,23-07-16 00:27:17
45663,48.087046,-122.657299,23-07-16 00:44:15
45663,48.093698,-122.655667,23-07-16 01:01:15
45663,48.097388,-122.648899,23-07-16 01:18:16
45663,48.096407,-122.637159,23-07-16 01:35:15
45663,48.093589,-122.626919,23-07-16 01:52:16
45663,48.087998,-122.622021,23-07-16 02:09:16
45663,48.083,-122.61297,23-07-16 02:43:17
45663,48.084454,-122.629678,23-07-16 03:34:14
45663,48.089694,-122.636962,23-07-16 03:51:17
45663,48.097985,-122.651005,23-07-16 04:08:12
45663,48.105557,-122.658663,23-07-16 04:25:13
45663,48.115568,-122.659911,23-07-16 04:42:12
45663,48.125772,-122.660303,23-07-16 04:59:12
45663,48.135,-122.657866,23-07-16 05:16:13
45663,48.141114,-122.654689,23-07-16 05:33:14
45663,48.14538,-122.650767,23-07-16 05:50:16
45663,48.146958,-122.645078,23-07-16 06:07:13
45663,48.147626,-122.638852,23-07-16 06:24:16
45663,48.147111,-122.636377,23-07-16 06:41:14
45663,48.145062,-122.63344,23-07-16 06:58:12
45663,48.142643,-122.633408,23-07-16 07:15:12
45663,48.145231,-122.632944,23-07-16 07:32:11
45663,48.14791,-122.632558,23-07-16 07:49:15
45663,48.149912,-122.631963,23-07-16 08:06:21
45663,48.151367,-122.630139,23-07-16 08:23:11
45663,48.152116,-122.624916,23-07-16 08:40:13
45663,48.153013,-122.621762,23-07-16 08:57:15
45663,48.154109,-122.618999,23-07-16 09:14:13
45663,48.15351,-122.618625,23-07-16 09:31:13
45663,48.154215,-122.617096,23-07-16 09:48:11
45663,48.153487,-122.617322,23-07-16 10:05:13
45663,48.152737,-122.618492,23-07-16 10:22:13
45663,48.15305,-122.620367,23-07-16 10:39:12
45663,48.153027,-122.623846,23-07-16 10:56:12
45663,48.152798,-122.627225,23-07-16 11:13:12
45663,48.153469,-122.629925,23-07-16 11:30:12
45663,48.154708,-122.633199,23-07-16 11:47:10
45663,48.159856,-122.66017,23-07-16 12:21:11
45663,48.153143,-122.678572,23-07-16 12:38:13
45663,48.155144,-122.684445,23-07-16 12:55:17
45663,48.166878,-122.692532,23-07-16 13:12:11
45663,48.175951,-122.698786,23-07-16 13:29:11
45663,48.144753,-122.71818,23-07-16 13:46:14
45663,48.115074,-122.711654,23-07-16 14:03:25
45663,48.117158,-122.709041,23-07-16 14:20:10
45663,48.121044,-122.711573,23-07-16 14:37:12
45663,48.127082,-122.718199,23-07-16 14:54:10
45663,48.127544,-122.716384,23-07-16 15:28:09
45663,48.124066,-122.716317,23-07-16 15:45:09
45663,48.1435,-122.737314,23-07-16 16:19:09
45663,48.153,-122.745005,23-07-16 16:36:09
45663,48.160422,-122.752499,23-07-16 16:53:09
45663,48.165191,-122.75869,23-07-16 17:10:11
45663,48.167358,-122.760941,23-07-16 17:27:11
45663,48.168051,-122.762396,23-07-16 17:44:09
45663,48.165457,-122.761345,23-07-16 18:01:11
45663,48.166266,-122.762595,23-07-16 18:16:07
45663,48.164925,-122.762069,23-07-16 18:31:07
45663,48.163973,-122.756645,23-07-16 18:48:09
45663,48.161502,-122.747558,23-07-16 19:05:07
45663,48.156742,-122.737257,23-07-16 19:22:07
45663,48.149844,-122.726,23-07-16 19:39:09
45663,48.139927,-122.709432,23-07-16 19:56:07
45663,48.130783,-122.695202,23-07-16 20:13:09
45663,48.121172,-122.686025,23-07-16 20:30:11
45663,48.108638,-122.672864,23-07-16 20:47:11
45663,48.094589,-122.660229,23-07-16 21:04:11
45663,48.0835,-122.665742,23-07-16 21:21:07
45663,48.083083,-122.668504,23-07-16 21:38:10
45663,48.08584,-122.668168,23-07-16 21:55:08
45663,48.090093,-122.664927,23-07-16 22:12:07
45663,48.091494,-122.651509,23-07-16 22:29:06
45663,48.085218,-122.642891,23-07-16 22:44:06
45663,48.075618,-122.642395,23-07-16 22:59:08
45663,48.06913,-122.646509,23-07-16 23:14:07
45663,48.06689,-122.653296,23-07-16 23:29:06
45663,48.070175,-122.659239,23-07-16 23:44:06
45663,48.081592,-122.662731,23-07-17 00:01:06
45663,48.093646,-122.657882,23-07-17 00:52:04
45663,48.092482,-122.647718,23-07-17 01:09:04
45663,48.085316,-122.651937,23-07-17 02:00:02
45663,48.098601,-122.658137,23-07-17 02:34:01
45663,48.094249,-122.688999,23-07-17 02:51:03
45663,48.088733,-122.688405,23-07-17 03:08:03
45663,48.108094,-122.687885,23-07-17 04:16:00
45663,48.1133,-122.683425,23-07-17 04:32:58
45663,48.115422,-122.686307,23-07-17 04:49:59
45663,48.117913,-122.693554,23-07-17 05:06:59
45663,48.116066,-122.695346,23-07-17 05:23:59
45663,48.115081,-122.695,23-07-17 05:41:01
45663,48.117147,-122.697808,23-07-17 05:57:57
45663,48.151157,-122.784716,23-07-17 06:14:58
45663,48.131744,-122.898858,23-07-17 06:31:59
45663,48.127512,-122.922975,23-07-17 07:05:54
45663,48.126983,-122.923042,23-07-17 09:28:02
45663,48.127009,-122.922638,23-07-17 09:41:40
45663,48.127881,-122.923206,23-07-17 09:56:47
45663,48.127975,-122.925097,23-07-17 10:41:54
45663,48.125499,-122.920053,23-07-17 11:11:54
45663,48.122604,-122.918614,23-07-17 11:26:40
45663,48.150784,-122.877231,23-07-17 11:43:42
45663,48.153145,-122.871089,23-07-17 12:00:38
45663,48.154196,-122.865022,23-07-17 12:17:47
45663,48.150542,-122.770765,23-07-17 12:34:42
45663,48.154046,-122.780884,23-07-17 12:52:59
45663,48.153963,-122.795981,23-07-17 13:09:59
45663,48.153453,-122.80394,23-07-17 13:27:01
45663,48.152229,-122.809457,23-07-17 13:44:03
45663,48.149387,-122.811821,23-07-17 14:01:06
45663,48.147544,-122.808864,23-07-17 14:18:13
45663,48.14782,-122.793238,23-07-17 14:35:25
45663,48.151648,-122.785558,23-07-17 14:52:17
45663,48.157318,-122.781594,23-07-17 15:09:15
45663,48.163585,-122.790693,23-07-17 15:26:13
45663,48.167627,-122.803014,23-07-17 15:43:15
45663,48.165826,-122.815605,23-07-17 16:00:13
45663,48.15684,-122.79602,23-07-17 16:17:13
45663,48.129541,-122.711999,23-07-17 17:25:10
45663,48.137728,-122.720318,23-07-17 17:42:18
45663,48.144174,-122.723434,23-07-17 17:59:13
45663,48.149019,-122.727291,23-07-17 18:16:11
45663,48.153277,-122.730576,23-07-17 18:33:20
45663,48.155796,-122.734475,23-07-17 18:50:10
45663,48.15724,-122.73595,23-07-17 19:07:10
45663,48.156823,-122.735614,23-07-17 19:22:10
45663,48.154737,-122.730329,23-07-17 19:37:09
45663,48.149299,-122.718012,23-07-17 19:54:11
45663,48.143706,-122.705609,23-07-17 20:11:09
45663,48.129689,-122.686456,23-07-17 20:45:10
45663,48.120423,-122.672757,23-07-17 21:02:07
45663,48.109673,-122.655073,23-07-17 21:19:09
45663,48.097357,-122.64671,23-07-17 21:36:09
45663,48.086397,-122.645617,23-07-17 21:53:07
45663,48.076389,-122.649984,23-07-17 22:10:09
45663,48.06976,-122.658298,23-07-17 22:27:07
45663,48.06977,-122.661924,23-07-17 22:44:09
45663,48.072297,-122.664437,23-07-17 23:01:09
45663,48.079139,-122.666716,23-07-17 23:18:08
45663,48.087333,-122.659085,23-07-17 23:35:09
45663,48.085579,-122.645247,23-07-17 23:52:09
45663,48.07523,-122.644355,23-07-18 00:09:06
45663,48.071813,-122.651212,23-07-18 00:26:06
45663,48.077079,-122.65769,23-07-18 00:43:06
45663,48.084073,-122.654218,23-07-18 01:00:06
45663,48.085392,-122.647154,23-07-18 01:17:07
45663,48.079162,-122.648517,23-07-18 01:51:05
45663,48.066318,-122.682697,23-07-18 02:08:21
45663,48.089877,-122.673073,23-07-18 03:33:02
45663,48.105716,-122.66823,23-07-18 03:50:04
45663,48.119931,-122.667862,23-07-18 04:07:01
45663,48.130983,-122.67064,23-07-18 04:24:01
45663,48.138818,-122.674155,23-07-18 04:41:01
45663,48.147432,-122.681026,23-07-18 04:58:07
45663,48.15434,-122.692827,23-07-18 05:15:01
45663,48.161659,-122.705792,23-07-18 05:32:09
45663,48.168786,-122.721235,23-07-18 05:49:05
45663,48.15849,-122.800701,23-07-18 06:06:01
45663,48.134334,-122.89517,23-07-18 06:23:05
45663,48.132725,-122.900832,23-07-18 06:40:09
45663,48.131973,-122.906151,23-07-18 06:57:03
45663,48.131412,-122.90999,23-07-18 07:14:02
45663,48.127222,-122.922823,23-07-18 09:29:19
45663,48.127416,-122.92369,23-07-18 10:14:11
45663,48.127755,-122.925369,23-07-18 10:29:14
45663,48.126058,-122.921031,23-07-18 10:44:05
45663,48.126698,-122.923841,23-07-18 11:14:09
45663,48.152089,-122.782271,23-07-18 11:31:05
45663,48.153776,-122.774981,23-07-18 11:48:03
45663,48.153382,-122.767554,23-07-18 12:06:01
45663,48.154967,-122.761406,23-07-18 12:23:01
45663,48.15579,-122.763203,23-07-18 12:40:01
45663,48.153971,-122.765903,23-07-18 12:56:58
45663,48.153158,-122.775241,23-07-18 13:13:56
45663,48.151675,-122.783449,23-07-18 13:30:58
45663,48.15098,-122.789924,23-07-18 13:48:05
45663,48.138965,-122.727919,23-07-18 14:05:01
45663,48.121934,-122.709269,23-07-18 14:21:57
45663,48.126009,-122.726427,23-07-18 14:38:56
45663,48.131617,-122.738922,23-07-18 14:55:57
45663,48.138376,-122.746043,23-07-18 15:12:56
45663,48.14846,-122.751042,23-07-18 15:29:58
45663,48.159885,-122.770015,23-07-18 15:46:56
45663,48.169199,-122.795473,23-07-18 16:03:58
45663,48.173223,-122.818636,23-07-18 16:20:56
45663,48.175382,-122.833746,23-07-18 16:37:59
45663,48.175725,-122.844957,23-07-18 16:55:07
45663,48.174214,-122.853999,23-07-18 17:11:57
45663,48.170483,-122.858922,23-07-18 17:28:59
45663,48.167397,-122.858319,23-07-18 17:45:59
45663,48.149195,-122.786284,23-07-18 18:02:55
45663,48.137167,-122.718115,23-07-18 18:36:58
45663,48.141489,-122.721199,23-07-18 18:53:54
45663,48.144108,-122.721983,23-07-18 19:10:58
45663,48.144558,-122.72462,23-07-18 19:27:54
45663,48.139344,-122.727242,23-07-18 19:44:55
45663,48.13339,-122.725393,23-07-18 20:01:55
45663,48.12853,-122.723618,23-07-18 20:18:53
45663,48.122653,-122.718944,23-07-18 20:35:57
45663,48.116311,-122.712188,23-07-18 20:50:54
45663,48.111993,-122.700828,23-07-18 21:07:57
45663,48.108284,-122.682356,23-07-18 21:24:57
45663,48.098797,-122.665707,23-07-18 21:41:55
45663,48.087964,-122.665527,23-07-18 21:58:55
45663,48.085709,-122.674547,23-07-18 22:15:54
45663,48.088415,-122.670999,23-07-18 22:32:55
45663,48.090641,-122.664851,23-07-18 22:49:55
45663,48.08833,-122.658861,23-07-18 23:06:52
45663,48.083025,-122.656694,23-07-18 23:23:52
45663,48.081582,-122.661202,23-07-18 23:40:52
45663,48.08802,-122.660968,23-07-18 23:57:54
45663,48.087394,-122.651841,23-07-19 00:14:54
45663,48.081492,-122.646736,23-07-19 00:31:52
45663,48.078911,-122.650278,23-07-19 00:48:52
45663,48.049923,-122.678045,23-07-19 01:05:53
45663,48.045638,-122.677783,23-07-19 01:40:03
45663,48.055776,-122.676638,23-07-19 02:30:50
45663,48.066556,-122.675125,23-07-19 02:47:50
45663,48.080095,-122.673644,23-07-19 03:04:49
45663,48.094977,-122.667683,23-07-19 03:21:49
45663,48.107773,-122.65965,23-07-19 03:38:52
45663,48.11809,-122.657039,23-07-19 03:55:50
45663,48.1263,-122.659038,23-07-19 04:12:48
45663,48.133144,-122.664059,23-07-19 04:29:52
45663,48.140583,-122.675655,23-07-19 04:46:49
45663,48.147295,-122.689714,23-07-19 05:03:50
45663,48.156247,-122.705141,23-07-19 05:20:52
45663,48.164723,-122.721162,23-07-19 05:37:50
45663,48.169815,-122.736227,23-07-19 05:54:51
45663,48.162609,-122.792456,23-07-19 06:11:47
45663,48.132317,-122.895871,23-07-19 06:28:47
45663,48.132379,-122.902291,23-07-19 06:45:49
45663,48.132376,-122.906597,23-07-19 07:02:54
45663,48.129832,-122.915969,23-07-19 07:19:48
45663,48.12725,-122.922686,23-07-19 10:37:18
45663,48.12683,-122.921687,23-07-19 11:07:34
45663,48.158886,-122.818889,23-07-19 11:24:26
45663,48.159212,-122.810511,23-07-19 11:41:19
45663,48.157877,-122.806824,23-07-19 11:58:16
45663,48.155089,-122.800558,23-07-19 12:15:20
45663,48.152915,-122.795434,23-07-19 12:32:28
45663,48.136069,-122.711694,23-07-19 12:49:33
45663,48.132878,-122.714369,23-07-19 13:06:36
45663,48.13147,-122.718509,23-07-19 13:23:40
45663,48.131621,-122.723856,23-07-19 13:40:41
45663,48.133228,-122.73032,23-07-19 13:57:42
45663,48.136044,-122.735551,23-07-19 14:12:45
45663,48.140419,-122.740017,23-07-19 14:27:43
45663,48.14722,-122.745377,23-07-19 14:44:43
45663,48.12565,-122.706087,23-07-19 15:01:43
45663,48.133803,-122.721494,23-07-19 15:18:43
45663,48.125965,-122.713669,23-07-19 15:35:43
45663,48.13088,-122.730835,23-07-19 15:52:42
45663,48.1166,-122.702817,23-07-19 16:09:41
45663,48.119874,-122.705057,23-07-19 16:26:42
45663,48.123578,-122.713118,23-07-19 16:43:41
45663,48.128748,-122.723205,23-07-19 16:59:45
45663,48.137396,-122.736227,23-07-19 17:16:46
45663,48.146485,-122.746062,23-07-19 17:33:57
45663,48.1535,-122.742955,23-07-19 17:50:43
45663,48.135307,-122.724417,23-07-19 18:07:47
45663,48.139005,-122.732758,23-07-19 18:24:45
45663,48.145165,-122.738473,23-07-19 18:41:45
45663,48.149359,-122.740683,23-07-19 18:58:47
45663,48.138171,-122.722529,23-07-19 19:49:45
45663,48.137612,-122.722383,23-07-19 20:06:50
45663,48.134347,-122.718367,23-07-19 20:23:45
45663,48.130409,-122.714944,23-07-19 20:40:53
45663,48.12624,-122.712389,23-07-19 20:57:44
45663,48.122456,-122.70492,23-07-19 21:14:47
45663,48.117911,-122.696787,23-07-19 21:31:47
45663,48.11333,-122.685683,23-07-19 21:48:44
45663,48.104449,-122.673199,23-07-19 22:05:47
45663,48.09552,-122.663191,23-07-19 22:22:45
45663,48.085706,-122.66658,23-07-19 22:39:43
45663,48.087484,-122.6747,23-07-19 22:56:43
45663,48.093052,-122.669791,23-07-19 23:13:43
45663,48.091279,-122.658807,23-07-19 23:30:44
45663,48.086089,-122.657205,23-07-19 23:47:42
45663,48.084541,-122.659769,23-07-20 00:04:43
45663,48.086435,-122.658338,23-07-20 00:21:43
45663,48.085708,-122.651585,23-07-20 00:38:42
45663,48.080833,-122.649443,23-07-20 00:55:42
45663,48.081066,-122.653383,23-07-20 01:12:44
45663,48.080805,-122.649309,23-07-20 01:29:42
45663,48.075102,-122.646802,23-07-20 01:46:42
45663,48.075061,-122.653185,23-07-20 02:03:42
45663,48.081308,-122.655765,23-07-20 02:20:42
45663,48.08823,-122.655499,23-07-20 02:37:41
45663,48.092876,-122.653435,23-07-20 02:54:43
45663,48.051973,-122.678681,23-07-20 03:11:52
45663,48.03523,-122.667678,23-07-20 03:28:42
45663,48.075817,-122.677303,23-07-20 04:19:48
45663,48.089958,-122.673746,23-07-20 04:36:43
45663,48.106903,-122.673235,23-07-20 04:53:43
45663,48.121583,-122.676494,23-07-20 05:10:47
45663,48.132958,-122.687478,23-07-20 05:27:44
45663,48.136187,-122.699443,23-07-20 05:44:43
45663,48.140582,-122.710361,23-07-20 06:01:43
45663,48.153696,-122.808219,23-07-20 06:18:38
45663,48.127651,-122.922558,23-07-20 06:35:42
45663,48.127295,-122.922669,23-07-20 09:57:59
45663,48.127293,-122.922686,23-07-20 10:58:06
45663,48.157947,-122.82877,23-07-20 11:27:50
45663,48.162886,-122.79092,23-07-20 11:44:54
45663,48.159701,-122.777123,23-07-20 12:02:26
45663,48.157268,-122.760548,23-07-20 12:19:42
45663,48.154177,-122.749492,23-07-20 12:36:34
45663,48.151038,-122.739873,23-07-20 12:53:32
45663,48.14821,-122.733428,23-07-20 13:10:28
45663,48.146016,-122.72844,23-07-20 13:27:30
45663,48.144736,-122.725016,23-07-20 13:44:30
45663,48.143464,-122.724204,23-07-20 14:01:30
45663,48.142354,-122.726415,23-07-20 14:18:30
45663,48.142571,-122.734073,23-07-20 14:35:30
45663,48.146593,-122.740388,23-07-20 14:52:37
45663,48.153532,-122.748952,23-07-20 15:09:29
45663,48.114709,-122.706697,23-07-20 15:26:31
45663,48.113004,-122.719436,23-07-20 15:43:32
45663,48.112581,-122.720336,23-07-20 16:00:32
45663,48.112775,-122.718133,23-07-20 16:17:32
45663,48.111236,-122.71678,23-07-20 16:34:32
45663,48.112311,-122.712056,23-07-20 16:51:33
45663,48.111642,-122.709571,23-07-20 17:08:33
45663,48.113292,-122.704916,23-07-20 17:25:33
45663,48.114682,-122.702426,23-07-20 17:42:33
45663,48.115805,-122.698679,23-07-20 17:59:33
45663,48.116099,-122.697303,23-07-20 18:16:31
45663,48.115401,-122.694783,23-07-20 18:33:33
45663,48.121681,-122.700619,23-07-20 18:50:31
45663,48.142496,-122.72514,23-07-20 19:24:32
45663,48.148395,-122.731796,23-07-20 19:41:33
45663,48.151228,-122.739226,23-07-20 19:58:30
45663,48.151782,-122.742421,23-07-20 20:15:38
45663,48.149508,-122.744226,23-07-20 20:32:30
45663,48.145769,-122.743778,23-07-20 20:49:30
45663,48.141087,-122.744527,23-07-20 21:06:29
45663,48.138095,-122.744644,23-07-20 21:23:30
45663,48.135971,-122.74265,23-07-20 21:40:30
45663,48.134307,-122.739478,23-07-20 21:57:28
45663,48.131687,-122.738701,23-07-20 22:14:30
45663,48.130365,-122.7367,23-07-20 22:31:39
45663,48.128349,-122.734998,23-07-20 22:48:27
45663,48.124606,-122.733133,23-07-20 23:05:27
45663,48.12273,-122.730211,23-07-20 23:22:28
45663,48.118876,-122.726583,23-07-20 23:39:29
45663,48.117201,-122.722769,23-07-20 23:56:28
45663,48.110884,-122.714758,23-07-21 00:13:35
45663,48.1076,-122.716048,23-07-21 00:30:27
45663,48.106873,-122.719581,23-07-21 00:47:27
45663,48.110299,-122.72933,23-07-21 01:04:42
45663,48.117971,-122.729654,23-07-21 01:21:25
45663,48.126053,-122.73387,23-07-21 01:38:33
45663,48.148145,-122.753713,23-07-21 02:29:23
45663,48.152207,-122.755634,23-07-21 02:46:21
45663,48.156155,-122.754782,23-07-21 03:03:31
45663,48.158977,-122.753373,23-07-21 03:20:24
45663,48.162069,-122.774517,23-07-21 03:37:24
45663,48.162559,-122.776043,23-07-21 03:54:25
45663,48.164338,-122.795414,23-07-21 04:11:20
45663,48.158865,-122.844836,23-07-21 04:28:28
45663,48.154997,-122.847677,23-07-21 04:45:23
45663,48.151418,-122.851766,23-07-21 05:02:24
45663,48.148343,-122.855876,23-07-21 05:19:23
45663,48.144618,-122.860352,23-07-21 05:36:24
45663,48.139632,-122.866105,23-07-21 05:53:29
45663,48.136888,-122.872699,23-07-21 06:10:26
45663,48.133256,-122.879974,23-07-21 06:27:19
45663,48.131108,-122.885206,23-07-21 06:44:18
45663,48.127282,-122.92275,23-07-21 10:13:10
45663,48.127295,-122.922576,23-07-21 10:28:10
45663,48.127165,-122.922709,23-07-21 10:58:26
45663,48.127065,-122.923132,23-07-21 11:13:20
45663,48.146635,-122.868674,23-07-21 11:30:14
45663,48.147321,-122.863078,23-07-21 11:47:12
45663,48.146773,-122.780798,23-07-21 12:04:12
45663,48.064284,-122.681531,23-07-21 12:21:12
45663,48.062807,-122.679258,23-07-21 12:38:14
45663,48.061869,-122.679575,23-07-21 12:55:11
45663,48.062531,-122.677871,23-07-21 13:12:10
45663,48.063768,-122.676882,23-07-21 13:29:11
45663,48.064969,-122.676395,23-07-21 13:46:09
45663,48.065634,-122.678464,23-07-21 14:03:32
45663,48.066342,-122.679765,23-07-21 14:21:01
45663,48.067815,-122.678205,23-07-21 14:38:22
45663,48.117676,-122.719586,23-07-21 14:55:21
45663,48.117689,-122.724684,23-07-21 15:12:28
45663,48.119109,-122.728205,23-07-21 15:29:40
45663,48.122772,-122.731986,23-07-21 15:46:49
45663,48.127669,-122.737224,23-07-21 16:03:49
45663,48.136291,-122.744756,23-07-21 16:23:37
45663,48.131001,-122.728989,23-07-21 16:40:59
45663,48.111975,-122.698039,23-07-21 17:02:49
45663,48.134314,-122.717917,23-07-21 17:22:09
45663,48.119037,-122.700129,23-07-21 17:40:41
45663,48.124907,-122.700444,23-07-21 17:57:35
45663,48.124995,-122.698467,23-07-21 18:14:33
45663,48.134455,-122.715059,23-07-21 18:31:31
45663,48.116539,-122.720268,23-07-21 19:03:06
45663,48.119905,-122.715469,23-07-21 19:19:59
45663,48.123558,-122.712111,23-07-21 19:39:31
45663,48.138851,-122.717046,23-07-21 20:26:15
45663,48.140117,-122.719185,23-07-21 20:43:37
45663,48.139494,-122.718109,23-07-21 21:02:42
45663,48.137273,-122.717752,23-07-21 21:19:42
45663,48.13153,-122.71635,23-07-21 21:45:46
45663,48.12401,-122.711454,23-07-21 22:12:53
45663,48.116848,-122.705016,23-07-21 22:33:14
45663,48.111109,-122.692774,23-07-21 22:54:15
45663,48.103649,-122.67876,23-07-21 23:14:56
45663,48.09063,-122.672678,23-07-21 23:36:57
45663,48.08505,-122.677,23-07-21 23:53:58
45663,48.086481,-122.680172,23-07-22 00:11:00
45663,48.094499,-122.68295,23-07-22 00:35:01
45663,48.057581,-122.675567,23-07-22 01:37:45
45663,48.069828,-122.675399,23-07-22 02:13:46
45663,48.094172,-122.637344,23-07-22 04:06:52
45663,48.149563,-122.782662,23-07-22 06:10:49
45672,48.122639,-122.913363,23-07-13 07:16:00
45672,48.120517,-122.912408,23-07-13 07:31:01
45672,48.118322,-122.912896,23-07-13 07:46:04
45672,48.117376,-122.91405,23-07-13 08:03:01
45672,48.115676,-122.916029,23-07-13 08:20:03
45672,48.124906,-122.920583,23-07-13 08:37:19
45672,48.127054,-122.923331,23-07-13 08:54:04
45672,48.126853,-122.923382,23-07-13 09:11:03
45672,48.126987,-122.923208,23-07-13 09:26:03
45672,48.127007,-122.923307,23-07-13 09:41:03
45672,48.127077,-122.923273,23-07-13 09:56:03
45672,48.120783,-122.916805,23-07-13 10:13:03
45672,48.126928,-122.923049,23-07-13 10:30:04
45672,48.127084,-122.923231,23-07-13 10:47:05
45672,48.1269,-122.92312,23-07-13 11:04:06
45672,48.144611,-122.88967,23-07-13 11:21:09
45672,48.145154,-122.895483,23-07-13 11:38:10
45672,48.145009,-122.900064,23-07-13 11:55:09
45672,48.144807,-122.904055,23-07-13 12:12:11
45672,48.147658,-122.773116,23-07-13 12:29:12
45672,48.164542,-122.785891,23-07-13 13:03:13
45672,48.173278,-122.802587,23-07-13 13:20:14
45672,48.180992,-122.821188,23-07-13 13:37:15
45672,48.185343,-122.838675,23-07-13 13:54:18
45672,48.189043,-122.849889,23-07-13 14:11:27
45672,48.191048,-122.863078,23-07-13 14:28:27
45672,48.19116,-122.878971,23-07-13 14:45:29
45672,48.191284,-122.892061,23-07-13 15:02:26
45672,48.190906,-122.901213,23-07-13 15:19:18
45672,48.190086,-122.908828,23-07-13 15:36:19
45672,48.188455,-122.915406,23-07-13 15:53:21
45672,48.187002,-122.919745,23-07-13 16:10:20
45672,48.185514,-122.921717,23-07-13 16:27:19
45672,48.183945,-122.921722,23-07-13 16:44:20
45672,48.181201,-122.920331,23-07-13 17:01:25
45672,48.178668,-122.918819,23-07-13 17:18:24
45672,48.177586,-122.917456,23-07-13 17:35:33
45672,48.17536,-122.916163,23-07-13 17:52:37
45672,48.172945,-122.91552,23-07-13 18:09:35
45672,48.171637,-122.91351,23-07-13 18:26:25
45672,48.169669,-122.911795,23-07-13 18:43:28
45672,48.167668,-122.910552,23-07-13 19:00:27
45672,48.164863,-122.907107,23-07-13 19:17:25
45672,48.163,-122.902666,23-07-13 19:34:27
45672,48.162406,-122.897244,23-07-13 19:51:27
45672,48.162357,-122.891353,23-07-13 20:08:28
45672,48.161764,-122.885878,23-07-13 20:25:29
45672,48.160964,-122.880996,23-07-13 20:42:32
45672,48.160529,-122.877157,23-07-13 20:59:35
45672,48.159526,-122.873668,23-07-13 21:16:34
45672,48.158201,-122.870783,23-07-13 21:33:43
45672,48.157292,-122.868888,23-07-13 21:50:44
45672,48.156555,-122.867103,23-07-13 22:07:49
45672,48.156467,-122.86523,23-07-13 22:24:50
45672,48.156079,-122.859874,23-07-13 22:41:38
45672,48.156433,-122.855381,23-07-13 22:58:37
45672,48.155876,-122.85106,23-07-13 23:15:38
45672,48.154976,-122.847635,23-07-13 23:32:39
45672,48.154169,-122.844843,23-07-13 23:49:40
45672,48.15523,-122.845418,23-07-14 00:06:44
45672,48.142188,-122.848627,23-07-14 00:57:45
45672,48.14576,-122.844626,23-07-14 01:14:44
45672,48.141745,-122.856847,23-07-14 01:31:45
45672,48.14101,-122.86181,23-07-14 01:48:46
45672,48.141317,-122.864889,23-07-14 02:05:46
45672,48.140708,-122.868987,23-07-14 02:22:47
45672,48.139988,-122.874273,23-07-14 02:39:50
45672,48.141002,-122.877037,23-07-14 02:56:49
45672,48.139401,-122.881496,23-07-14 03:13:50
45672,48.140343,-122.885275,23-07-14 03:30:53
45672,48.140884,-122.889181,23-07-14 03:48:02
45672,48.140443,-122.891548,23-07-14 04:04:55
45672,48.140144,-122.894023,23-07-14 04:21:58
45672,48.138532,-122.898178,23-07-14 04:39:01
45672,48.136807,-122.900836,23-07-14 04:55:55
45672,48.133538,-122.898205,23-07-14 05:12:59
45672,48.130404,-122.896107,23-07-14 05:30:06
45672,48.127317,-122.895935,23-07-14 05:47:07
45672,48.126602,-122.89633,23-07-14 06:04:01
45672,48.125382,-122.896834,23-07-14 06:21:01
45672,48.12062,-122.916718,23-07-14 06:37:55
45672,48.117518,-122.915145,23-07-14 06:55:00
45672,48.117024,-122.913572,23-07-14 07:11:55
45672,48.115469,-122.914029,23-07-14 07:29:02
45672,48.126976,-122.92383,23-07-14 07:46:05
45672,48.127031,-122.922548,23-07-14 08:03:02
45672,48.127133,-122.923201,23-07-14 08:19:10
45672,48.126868,-122.922786,23-07-14 08:36:04
45672,48.127024,-122.922818,23-07-14 08:53:04
45672,48.127215,-122.922768,23-07-14 09:10:03
45672,48.126999,-122.923295,23-07-14 09:27:05
45672,48.126961,-122.923357,23-07-14 09:44:05
45672,48.127037,-122.923123,23-07-14 10:01:06
45672,48.126979,-122.923217,23-07-14 10:18:07
45672,48.127021,-122.922968,23-07-14 10:35:08
45672,48.127081,-122.922995,23-07-14 10:52:03
45672,48.127149,-122.923069,23-07-14 11:09:04
45672,48.149151,-122.895023,23-07-14 11:26:10
45672,48.151197,-122.899838,23-07-14 11:43:06
45672,48.16379,-122.878872,23-07-14 12:00:06
45672,48.17241,-122.695329,23-07-14 12:17:07
45672,48.109072,-122.713152,23-07-14 12:51:10
45672,48.098427,-122.725208,23-07-14 13:25:11
45672,48.109629,-122.715755,23-07-14 13:59:20
45672,48.112358,-122.715294,23-07-14 14:16:22
45672,48.114173,-122.711807,23-07-14 14:33:13
45672,48.115571,-122.708175,23-07-14 14:50:25
45672,48.172872,-122.731151,23-07-14 15:07:13
45672,48.162819,-122.70847,23-07-14 15:58:11
45672,48.202027,-122.745694,23-07-14 16:49:11
45672,48.20096,-122.749431,23-07-14 17:06:13
45672,48.199973,-122.752113,23-07-14 17:23:13
45672,48.196736,-122.752425,23-07-14 17:40:11
45672,48.192504,-122.752828,23-07-14 17:57:13
45672,48.189749,-122.749122,23-07-14 18:12:15
45672,48.186863,-122.742426,23-07-14 18:29:21
45672,48.235817,-122.782099,23-07-14 18:46:13
45672,48.275786,-122.760411,23-07-14 19:03:13
45672,48.276371,-122.761416,23-07-14 19:20:11
45672,48.276041,-122.759044,23-07-14 19:37:12
45672,48.275465,-122.757709,23-07-14 19:54:11
45672,48.275845,-122.755825,23-07-14 20:11:13
45672,48.27616,-122.75394,23-07-14 20:28:13
45672,48.277009,-122.753353,23-07-14 20:45:15
45672,48.277947,-122.755413,23-07-14 21:02:15
45672,48.279137,-122.759172,23-07-14 21:19:23
45672,48.277422,-122.761633,23-07-14 21:36:19
45672,48.275596,-122.76161,23-07-14 21:53:13
45672,48.273817,-122.759166,23-07-14 22:10:10
45672,48.271338,-122.756524,23-07-14 22:27:09
45672,48.269188,-122.754814,23-07-14 22:42:11
45672,48.262834,-122.771814,23-07-14 23:16:11
45672,48.261341,-122.772318,23-07-14 23:33:09
45672,48.260277,-122.772296,23-07-14 23:50:09
45672,48.259587,-122.77202,23-07-15 00:07:10
45672,48.254088,-122.782068,23-07-15 00:41:09
45672,48.246437,-122.842894,23-07-15 00:58:11
45672,48.253171,-122.879188,23-07-15 01:15:11
45672,48.257016,-122.88224,23-07-15 01:32:09
45672,48.272662,-122.876422,23-07-15 02:06:11
45672,48.270594,-122.877213,23-07-15 02:23:10
45672,48.2731,-122.878749,23-07-15 02:40:10
45672,48.267971,-122.882522,23-07-15 02:57:12
45672,48.26647,-122.883748,23-07-15 03:14:13
45672,48.266048,-122.883824,23-07-15 03:31:14
45672,48.265397,-122.883202,23-07-15 03:48:18
45672,48.264675,-122.882632,23-07-15 04:05:17
45672,48.263764,-122.878358,23-07-15 04:22:14
45672,48.261749,-122.874924,23-07-15 04:39:15
45672,48.258538,-122.872185,23-07-15 04:56:16
45672,48.254361,-122.869579,23-07-15 05:13:26
45672,48.250792,-122.86996,23-07-15 05:30:21
45672,48.247312,-122.870932,23-07-15 05:47:19
45672,48.244618,-122.872339,23-07-15 06:04:18
45672,48.241114,-122.875576,23-07-15 06:21:14
45672,48.238661,-122.877951,23-07-15 06:38:10
45672,48.177975,-122.878043,23-07-15 06:55:12
45672,48.155088,-122.889309,23-07-15 07:12:12
45672,48.121677,-122.916345,23-07-15 07:29:10
45672,48.120798,-122.912155,23-07-15 07:46:11
45672,48.118803,-122.907444,23-07-15 08:03:07
45672,48.121178,-122.917699,23-07-15 08:20:05
45672,48.126891,-122.923052,23-07-15 08:36:30
45672,48.126937,-122.923129,23-07-15 08:53:25
45672,48.126979,-122.923332,23-07-15 09:10:21
45672,48.126788,-122.92325,23-07-15 09:27:23
45672,48.11705,-122.923358,23-07-15 09:44:30
45672,48.127026,-122.923201,23-07-15 09:59:21
45672,48.126924,-122.923037,23-07-15 10:14:21
45672,48.127117,-122.923125,23-07-15 10:29:21
45672,48.126969,-122.923092,23-07-15 10:44:22
45672,48.126391,-122.922763,23-07-15 10:59:25
45672,48.161848,-122.894187,23-07-15 11:16:17
45672,48.161531,-122.898764,23-07-15 11:33:15
45672,48.203533,-122.869761,23-07-15 11:50:15
45672,48.258106,-122.76981,23-07-15 12:24:31
45672,48.261803,-122.770615,23-07-15 12:41:24
45672,48.264525,-122.771393,23-07-15 12:58:17
45672,48.266957,-122.7735,23-07-15 13:15:19
45672,48.26945,-122.776039,23-07-15 13:32:17
45672,48.261685,-122.777415,23-07-15 13:49:17
45672,48.238041,-122.769507,23-07-15 14:06:19
45672,48.237772,-122.77631,23-07-15 14:40:19
45672,48.236196,-122.781866,23-07-15 14:57:23
45672,48.234426,-122.786337,23-07-15 15:14:19
45672,48.232091,-122.791692,23-07-15 15:31:23
45672,48.230429,-122.796401,23-07-15 15:48:17
45672,48.228385,-122.801105,23-07-15 16:05:15
45672,48.295895,-122.747777,23-07-15 16:39:26
45672,48.255119,-122.775849,23-07-15 16:56:25
45672,48.25387,-122.778616,23-07-15 17:13:19
45672,48.252744,-122.781879,23-07-15 17:30:17
45672,48.250827,-122.782295,23-07-15 17:47:26
45672,48.245959,-122.783472,23-07-15 18:04:19
45672,48.241496,-122.784871,23-07-15 18:19:28
45672,48.237675,-122.786665,23-07-15 18:34:17
45672,48.232581,-122.787242,23-07-15 18:49:16
45672,48.22588,-122.78906,23-07-15 19:04:15
45672,48.218157,-122.791532,23-07-15 19:19:23
45672,48.210722,-122.790335,23-07-15 19:36:17
45672,48.203174,-122.781392,23-07-15 19:53:19
45672,48.195893,-122.76393,23-07-15 20:10:15
45672,48.186845,-122.746846,23-07-15 20:25:17
45672,48.17922,-122.733128,23-07-15 20:40:15
45672,48.170494,-122.719511,23-07-15 20:55:19
45672,48.158211,-122.704457,23-07-15 21:10:17
45672,48.141616,-122.688823,23-07-15 21:25:19
45672,48.124944,-122.670812,23-07-15 21:40:19
45672,48.106732,-122.649274,23-07-15 21:57:19
45672,48.087541,-122.634495,23-07-15 22:14:16
45672,48.074245,-122.62867,23-07-15 22:31:16
45672,48.116826,-122.711316,23-07-15 22:48:24
45672,48.113794,-122.710186,23-07-15 23:05:16
45672,48.114708,-122.714763,23-07-15 23:39:16
45672,48.112831,-122.718021,23-07-16 00:13:15
45672,48.10578,-122.715397,23-07-16 00:47:18
45672,48.104022,-122.723669,23-07-16 01:04:15
45672,48.146695,-122.839719,23-07-16 05:01:00
45672,48.14641,-122.838791,23-07-16 05:18:03
45672,48.146486,-122.836746,23-07-16 05:35:00
45672,48.146898,-122.833862,23-07-16 05:52:07
45672,48.146443,-122.832296,23-07-16 06:09:07
45672,48.145805,-122.827281,23-07-16 06:26:09
45672,48.14558,-122.822162,23-07-16 06:43:06
45672,48.148926,-122.832324,23-07-16 07:00:00
45672,48.145451,-122.855789,23-07-16 07:16:58
45672,48.144445,-122.852575,23-07-16 07:34:05
45672,48.143365,-122.849921,23-07-16 07:51:00
45672,48.127418,-122.923645,23-07-16 08:08:14
45672,48.125332,-122.922941,23-07-16 08:25:00
45672,48.126715,-122.923245,23-07-16 08:41:24
45672,48.126983,-122.922719,23-07-16 08:58:12
45672,48.12699,-122.923381,23-07-16 09:15:14
45672,48.126964,-122.923283,23-07-16 09:30:12
45672,48.12766,-122.922678,23-07-16 09:45:14
45672,48.127066,-122.923238,23-07-16 10:00:14
45672,48.127012,-122.923077,23-07-16 10:15:12
45672,48.126897,-122.923105,23-07-16 10:30:12
45672,48.127057,-122.923223,23-07-16 10:45:12
45672,48.127074,-122.923118,23-07-16 11:00:14
45672,48.135797,-122.895702,23-07-16 11:15:06
45672,48.144984,-122.887499,23-07-16 11:32:06
45672,48.145728,-122.883099,23-07-16 11:49:08
45672,48.147833,-122.882174,23-07-16 12:06:08
45672,48.137486,-122.843516,23-07-16 12:23:18
45672,48.134529,-122.84505,23-07-16 12:40:15
45672,48.132532,-122.848331,23-07-16 13:14:08
45672,48.135013,-122.845779,23-07-16 13:31:10
45672,48.137252,-122.84389,23-07-16 13:48:08
45672,48.139373,-122.841078,23-07-16 14:05:07
45672,48.140783,-122.83703,23-07-16 14:22:10
45672,48.141439,-122.833286,23-07-16 14:39:18
45672,48.142506,-122.82823,23-07-16 14:56:08
45672,48.147084,-122.790108,23-07-16 15:13:10
45672,48.146364,-122.785347,23-07-16 15:30:16
45672,48.150845,-122.792709,23-07-16 16:04:10
45672,48.153715,-122.784407,23-07-16 16:21:10
45672,48.156844,-122.780848,23-07-16 16:38:06
45672,48.159906,-122.777856,23-07-16 16:55:07
45672,48.160981,-122.775187,23-07-16 17:10:09
45672,48.160044,-122.770749,23-07-16 17:27:08
45672,48.158956,-122.764112,23-07-16 17:44:08
45672,48.156073,-122.755193,23-07-16 18:01:07
45672,48.151056,-122.743492,23-07-16 18:18:08
45672,48.149494,-122.738086,23-07-16 18:35:07
45672,48.146914,-122.733063,23-07-16 18:52:22
45672,48.140943,-122.725392,23-07-16 19:09:06
45672,48.133957,-122.716634,23-07-16 19:26:06
45672,48.126443,-122.706526,23-07-16 19:41:05
45672,48.118082,-122.691735,23-07-16 19:58:04
45672,48.104427,-122.675177,23-07-16 20:15:08
45672,48.097361,-122.663898,23-07-16 20:32:06
45672,48.085445,-122.666712,23-07-16 20:49:04
45672,48.084202,-122.679031,23-07-16 21:06:13
45672,48.123594,-122.730031,23-07-16 21:23:07
45672,48.148295,-122.74874,23-07-16 21:57:04
45672,48.144666,-122.740421,23-07-16 22:14:03
45672,48.138201,-122.731148,23-07-16 22:31:04
45672,48.13041,-122.724186,23-07-16 22:48:06
45672,48.12525,-122.716982,23-07-16 23:05:02
45672,48.11938,-122.710735,23-07-16 23:22:04
45672,48.113827,-122.705415,23-07-16 23:39:03
45672,48.109169,-122.701163,23-07-17 00:13:17
45672,48.108234,-122.701922,23-07-17 00:30:04
45672,48.108308,-122.702925,23-07-17 00:47:06
45672,48.106517,-122.706085,23-07-17 01:04:17
45672,48.104653,-122.713341,23-07-17 01:21:02
45672,48.104376,-122.724143,23-07-17 01:38:02
45672,48.105384,-122.728435,23-07-17 01:55:01
45672,48.107739,-122.733634,23-07-17 02:12:00
45672,48.11226,-122.737617,23-07-17 02:29:01
45672,48.11756,-122.736553,23-07-17 02:46:02
45672,48.124157,-122.73355,23-07-17 03:03:06
45672,48.130124,-122.731552,23-07-17 03:20:04
45672,48.130993,-122.729449,23-07-17 03:37:05
45672,48.162706,-122.775959,23-07-17 03:54:01
45672,48.167764,-122.791136,23-07-17 04:11:04
45672,48.172791,-122.803055,23-07-17 04:28:01
45672,48.175885,-122.812801,23-07-17 04:45:09
45672,48.176062,-122.822934,23-07-17 05:02:03
45672,48.176278,-122.831409,23-07-17 05:19:03
45672,48.176314,-122.838596,23-07-17 05:36:04
45672,48.145674,-122.892034,23-07-17 05:52:59
45672,48.121383,-122.904561,23-07-17 06:10:01
45672,48.122296,-122.903196,23-07-17 06:27:09
45672,48.121798,-122.902052,23-07-17 06:43:59
45672,48.12124,-122.902327,23-07-17 07:01:02
45672,48.121409,-122.902718,23-07-17 07:18:02
45672,48.126991,-122.923054,23-07-17 07:35:00
45672,48.127062,-122.923148,23-07-17 07:51:21
45672,48.126836,-122.923239,23-07-17 08:08:23
45672,48.126879,-122.922729,23-07-17 08:25:23
45672,48.123357,-122.920455,23-07-17 08:42:19
45672,48.119378,-122.916918,23-07-17 08:59:23
45672,48.126947,-122.923033,23-07-17 09:16:19
45672,48.126397,-122.923165,23-07-17 09:33:21
45672,48.127045,-122.923204,23-07-17 09:50:19
45672,48.127016,-122.923222,23-07-17 10:07:19
45672,48.127029,-122.92308,23-07-17 10:24:19
45672,48.127118,-122.923188,23-07-17 10:41:05
45672,48.127099,-122.923125,23-07-17 10:56:06
45672,48.127131,-122.923296,23-07-17 11:11:06
45672,48.12703,-122.923128,23-07-17 11:26:07
45672,48.154494,-122.878989,23-07-17 11:43:06
45672,48.157225,-122.876563,23-07-17 12:00:07
45672,48.158408,-122.874521,23-07-17 12:17:08
45672,48.146099,-122.760247,23-07-17 12:51:09
45672,48.150884,-122.773452,23-07-17 13:25:08
45672,48.15169,-122.78107,23-07-17 13:42:37
45672,48.146646,-122.764354,23-07-17 13:59:46
45672,48.152154,-122.76485,23-07-17 14:16:53
45672,48.159652,-122.78738,23-07-17 14:33:51
45672,48.159217,-122.8061,23-07-17 14:50:50
45672,48.153833,-122.809736,23-07-17 15:07:53
45672,48.151696,-122.804406,23-07-17 15:24:51
45672,48.153917,-122.79581,23-07-17 15:41:53
45672,48.120736,-122.705179,23-07-17 15:58:50
45672,48.122678,-122.705739,23-07-17 16:15:53
45672,48.135426,-122.714303,23-07-17 16:32:50
45672,48.122668,-122.704865,23-07-17 16:49:57
45672,48.134015,-122.718233,23-07-17 17:23:51
45672,48.141631,-122.723626,23-07-17 17:41:00
45672,48.147029,-122.727929,23-07-17 17:57:53
45672,48.151857,-122.73239,23-07-17 18:14:53
45672,48.156935,-122.735716,23-07-17 18:31:53
45672,48.158719,-122.740424,23-07-17 18:48:51
45672,48.159682,-122.742734,23-07-17 19:05:49
45672,48.157384,-122.742595,23-07-17 19:22:51
45672,48.154042,-122.742097,23-07-17 19:39:49
45672,48.148033,-122.737224,23-07-17 19:56:53
45672,48.138328,-122.730783,23-07-17 20:14:00
45672,48.129227,-122.726773,23-07-17 20:31:04
45672,48.121708,-122.722037,23-07-17 20:47:51
45672,48.115753,-122.713608,23-07-17 21:04:49
45672,48.112686,-122.705655,23-07-17 21:21:55
45672,48.111109,-122.693308,23-07-17 21:38:59
45672,48.094671,-122.654807,23-07-17 22:12:46
45672,48.074842,-122.643947,23-07-17 22:29:44
45672,48.062696,-122.642712,23-07-17 22:46:46
45672,48.053636,-122.641386,23-07-17 23:03:55
45672,48.045408,-122.637776,23-07-17 23:20:43
45672,48.034824,-122.634017,23-07-17 23:37:45
45672,48.02477,-122.625366,23-07-17 23:54:47
45672,48.016861,-122.618625,23-07-18 00:11:45
45672,48.008511,-122.612704,23-07-18 00:28:43
45672,48.001334,-122.606042,23-07-18 00:45:45
45672,48.00022,-122.612263,23-07-18 01:02:42
45672,48.067954,-122.682645,23-07-18 01:19:43
45672,48.076404,-122.678136,23-07-18 02:10:42
45672,48.089502,-122.670819,23-07-18 02:27:42
45672,48.101766,-122.660868,23-07-18 02:44:44
45672,48.111603,-122.651421,23-07-18 03:01:42
45672,48.116917,-122.641702,23-07-18 03:18:42
45672,48.122219,-122.629374,23-07-18 03:35:42
45672,48.12402,-122.618996,23-07-18 03:52:41
45672,48.122058,-122.611921,23-07-18 04:26:50
45672,48.117325,-122.617819,23-07-18 05:00:41
45672,48.115291,-122.619279,23-07-18 05:17:42
45672,48.11383,-122.622316,23-07-18 05:34:53
45672,48.114276,-122.626344,23-07-18 05:51:40
45672,48.117408,-122.630979,23-07-18 06:08:40
45672,48.123369,-122.637302,23-07-18 06:25:44
45672,48.12825,-122.642686,23-07-18 06:42:37
45672,48.133699,-122.645889,23-07-18 06:59:39
45672,48.139431,-122.647762,23-07-18 07:16:36
45672,48.143545,-122.64722,23-07-18 07:33:44
45672,48.147444,-122.641756,23-07-18 07:50:38
45672,48.148574,-122.635499,23-07-18 08:07:36
45672,48.148235,-122.628034,23-07-18 08:24:37
45672,48.147177,-122.622794,23-07-18 08:41:41
45672,48.147379,-122.619661,23-07-18 08:58:40
45672,48.146609,-122.617469,23-07-18 09:15:33
45672,48.146947,-122.616733,23-07-18 09:32:33
45672,48.147214,-122.614915,23-07-18 09:49:34
45672,48.135485,-122.66741,23-07-18 10:06:31
45672,48.132048,-122.709621,23-07-18 10:23:32
45672,48.127871,-122.698032,23-07-18 10:40:33
45672,48.127349,-122.691826,23-07-18 10:57:35
45672,48.127853,-122.689856,23-07-18 11:14:36
45672,48.128054,-122.690909,23-07-18 11:31:33
45672,48.128764,-122.693196,23-07-18 11:48:33
45672,48.128967,-122.693724,23-07-18 12:05:38
45672,48.12677,-122.695271,23-07-18 12:22:37
45672,48.092716,-122.684804,23-07-18 12:39:28
45672,48.103407,-122.709309,23-07-18 12:56:40
45672,48.105384,-122.716834,23-07-18 13:13:29
45672,48.105169,-122.718809,23-07-18 13:30:29
45672,48.106089,-122.72122,23-07-18 13:47:40
45672,48.116755,-122.727227,23-07-18 14:04:28
45672,48.118979,-122.735651,23-07-18 14:21:30
45672,48.124546,-122.740638,23-07-18 14:38:28
45672,48.137192,-122.74583,23-07-18 15:12:33
45672,48.147199,-122.750461,23-07-18 15:29:32
45672,48.159136,-122.767133,23-07-18 15:46:25
45672,48.168897,-122.791704,23-07-18 16:03:38
45672,48.174363,-122.813253,23-07-18 16:20:34
45672,48.176286,-122.831793,23-07-18 16:37:25
45672,48.176591,-122.84478,23-07-18 16:54:30
45672,48.174692,-122.854922,23-07-18 17:11:33
45672,48.17286,-122.864073,23-07-18 17:28:21
45672,48.171003,-122.871057,23-07-18 17:45:29
45672,48.168845,-122.875841,23-07-18 18:02:18
45672,48.167386,-122.878145,23-07-18 18:19:20
45672,48.166158,-122.878811,23-07-18 18:36:18
45672,48.165439,-122.87959,23-07-18 18:53:18
45672,48.164943,-122.877739,23-07-18 19:10:17
45672,48.163345,-122.874478,23-07-18 19:27:17
45672,48.16269,-122.870854,23-07-18 19:42:18
45672,48.162211,-122.86752,23-07-18 19:57:19
45672,48.162222,-122.863441,23-07-18 20:12:18
45672,48.162103,-122.858487,23-07-18 20:27:20
45672,48.163026,-122.853718,23-07-18 20:42:18
45672,48.163069,-122.847201,23-07-18 20:57:18
45672,48.163465,-122.840889,23-07-18 21:12:18
45672,48.163169,-122.828375,23-07-18 21:27:22
45672,48.160898,-122.807057,23-07-18 21:44:17
45672,48.15892,-122.783781,23-07-18 22:01:17
45672,48.156806,-122.751405,23-07-18 22:18:17
45672,48.144901,-122.72593,23-07-18 22:35:19
45672,48.142937,-122.803644,23-07-18 22:52:17
45672,48.143241,-122.83201,23-07-19 00:00:23
45672,48.146415,-122.819537,23-07-19 00:17:14
45672,48.149271,-122.806697,23-07-19 00:34:13
45672,48.148996,-122.794579,23-07-19 00:51:15
45672,48.178923,-122.817019,23-07-19 01:08:31
45672,48.152468,-122.767862,23-07-19 01:25:12
45672,48.156303,-122.757896,23-07-19 01:42:14
45672,48.157817,-122.746103,23-07-19 01:59:13
45672,48.156604,-122.738805,23-07-19 02:16:14
45672,48.155234,-122.733794,23-07-19 02:33:15
45672,48.154093,-122.728875,23-07-19 02:50:15
45672,48.153246,-122.725446,23-07-19 03:07:15
45672,48.152647,-122.725787,23-07-19 03:24:17
45672,48.152148,-122.725947,23-07-19 03:41:30
45672,48.152685,-122.731025,23-07-19 03:58:13
45672,48.153747,-122.739161,23-07-19 04:15:26
45672,48.157649,-122.750778,23-07-19 04:32:16
45672,48.164056,-122.763614,23-07-19 04:49:13
45672,48.173351,-122.777628,23-07-19 05:06:20
45672,48.1785,-122.793048,23-07-19 05:23:18
45672,48.182917,-122.80724,23-07-19 05:40:13
45672,48.184754,-122.818267,23-07-19 05:57:21
45672,48.188147,-122.826384,23-07-19 06:14:18
45672,48.188212,-122.83425,23-07-19 06:31:14
45672,48.190014,-122.83966,23-07-19 06:48:16
45672,48.191035,-122.844979,23-07-19 07:05:14
45672,48.192704,-122.849045,23-07-19 07:22:06
45672,48.193361,-122.857097,23-07-19 07:39:13
45672,48.194218,-122.861387,23-07-19 07:56:07
45672,48.195146,-122.865681,23-07-19 08:13:13
45672,48.196489,-122.868272,23-07-19 08:30:14
45672,48.197247,-122.870037,23-07-19 08:47:05
45672,48.197303,-122.86943,23-07-19 09:04:01
45672,48.1976,-122.869772,23-07-19 09:21:05
45672,48.196791,-122.871205,23-07-19 09:38:03
45672,48.126942,-122.922849,23-07-19 09:54:51
45672,48.126893,-122.923426,23-07-19 10:12:02
45672,48.127065,-122.923002,23-07-19 10:28:50
45672,48.122796,-122.903786,23-07-19 10:45:50
45672,48.124064,-122.895426,23-07-19 11:02:53
45672,48.124784,-122.890025,23-07-19 11:19:55
45672,48.126774,-122.888737,23-07-19 11:36:54
45672,48.128422,-122.886414,23-07-19 11:54:05
45672,48.131341,-122.882641,23-07-19 12:10:53
45672,48.136903,-122.880639,23-07-19 12:28:00
45672,48.128882,-122.880669,23-07-19 12:44:50
45672,48.125085,-122.877043,23-07-19 13:01:48
45672,48.125881,-122.866386,23-07-19 13:52:55
45672,48.126543,-122.871389,23-07-19 14:09:57
45672,48.125278,-122.875924,23-07-19 14:26:56
45672,48.124148,-122.878755,23-07-19 14:44:00
45672,48.12187,-122.883463,23-07-19 15:00:56
45672,48.120826,-122.887687,23-07-19 15:17:55
45672,48.119224,-122.891751,23-07-19 15:34:53
45672,48.117751,-122.895501,23-07-19 15:49:54
45672,48.115768,-122.897747,23-07-19 16:04:57
45672,48.114327,-122.896089,23-07-19 16:19:55
45672,48.113384,-122.896335,23-07-19 16:34:57
45672,48.11045,-122.89558,23-07-19 16:51:57
45672,48.111047,-122.892238,23-07-19 17:09:04
45672,48.110742,-122.894984,23-07-19 17:25:55
45672,48.11009,-122.897983,23-07-19 17:42:58
45672,48.111277,-122.901196,23-07-19 18:00:07
45672,48.11228,-122.902106,23-07-19 18:16:55
45672,48.112786,-122.901464,23-07-19 18:33:54
45672,48.114322,-122.901591,23-07-19 18:50:53
45672,48.114021,-122.90192,23-07-19 19:05:53
45672,48.114123,-122.900516,23-07-19 19:20:53
45672,48.1144,-122.899761,23-07-19 19:35:53
45672,48.114217,-122.900064,23-07-19 19:50:53
45672,48.114754,-122.899401,23-07-19 20:05:55
45672,48.114648,-122.896889,23-07-19 20:20:57
45672,48.115247,-122.896866,23-07-19 20:35:57
45672,48.116074,-122.897056,23-07-19 20:50:55
45672,48.116799,-122.896508,23-07-19 21:05:55
45672,48.117129,-122.89378,23-07-19 21:20:53
45672,48.115227,-122.887099,23-07-19 21:37:57
45672,48.113815,-122.8868,23-07-19 21:54:53
45672,48.115926,-122.887214,23-07-19 22:11:53
45672,48.11977,-122.887917,23-07-19 22:28:53
45672,48.122282,-122.886148,23-07-19 22:46:01
45672,48.125232,-122.883965,23-07-19 23:02:52
45672,48.128051,-122.880887,23-07-19 23:19:54
45672,48.13056,-122.878691,23-07-19 23:36:52
45672,48.134317,-122.875172,23-07-19 23:53:51
45672,48.134803,-122.871847,23-07-20 00:10:52
45672,48.135394,-122.866488,23-07-20 00:27:53
45672,48.144795,-122.796581,23-07-20 00:44:51
45672,48.147245,-122.785591,23-07-20 01:01:56
45672,48.14932,-122.771479,23-07-20 01:18:51
45672,48.153655,-122.757402,23-07-20 01:35:55
45672,48.150331,-122.733137,23-07-20 02:09:51
45672,48.144671,-122.727749,23-07-20 02:26:52
45672,48.143858,-122.72835,23-07-20 02:43:50
45672,48.161516,-122.77962,23-07-20 03:00:51
45672,48.161915,-122.780124,23-07-20 03:17:53
45672,48.161575,-122.783305,23-07-20 03:34:59
45672,48.161284,-122.788749,23-07-20 03:51:50
45672,48.143029,-122.858589,23-07-20 04:42:47
45672,48.144097,-122.863141,23-07-20 04:59:54
45672,48.144398,-122.868072,23-07-20 05:16:55
45672,48.142492,-122.873542,23-07-20 05:34:02
45672,48.140862,-122.878701,23-07-20 05:50:57
45672,48.14016,-122.874172,23-07-20 06:08:01
45672,48.1395,-122.89194,23-07-20 06:41:47
45672,48.13954,-122.896711,23-07-20 06:58:47
45672,48.139494,-122.900465,23-07-20 07:15:54
45672,48.139715,-122.905135,23-07-20 07:32:54
45672,48.140261,-122.908025,23-07-20 07:49:57
45672,48.141574,-122.910809,23-07-20 08:07:00
45672,48.143302,-122.912681,23-07-20 08:23:46
45672,48.144743,-122.916629,23-07-20 08:57:47
45672,48.145863,-122.91541,23-07-20 09:14:43
45672,48.146875,-122.91585,23-07-20 09:31:45
45672,48.148503,-122.915745,23-07-20 09:48:45
45672,48.150144,-122.915469,23-07-20 10:05:45
45672,48.151902,-122.913536,23-07-20 10:22:44
45672,48.153368,-122.911771,23-07-20 10:39:44
45672,48.156141,-122.910515,23-07-20 10:56:44
45672,48.158275,-122.909538,23-07-20 11:13:44
45672,48.160018,-122.908353,23-07-20 11:30:44
45672,48.161881,-122.906077,23-07-20 11:47:51
45672,48.162937,-122.903821,23-07-20 12:04:43
45672,48.165436,-122.902022,23-07-20 12:21:45
45672,48.167118,-122.900952,23-07-20 12:38:45
45672,48.168667,-122.898979,23-07-20 12:55:53
45672,48.169487,-122.897701,23-07-20 13:12:50
45672,48.145112,-122.810547,23-07-20 13:29:39
45672,48.195801,-122.730122,23-07-20 13:46:40
45672,48.210638,-122.764952,23-07-20 14:03:42
45672,48.215302,-122.77248,23-07-20 14:20:40
45672,48.222896,-122.780775,23-07-20 14:37:46
45672,48.231498,-122.785429,23-07-20 14:54:39
45672,48.271852,-122.746054,23-07-20 15:28:38
45672,48.274702,-122.74864,23-07-20 15:45:38
45672,48.276385,-122.753748,23-07-20 16:02:45
45672,48.276694,-122.758823,23-07-20 16:19:36
45672,48.275621,-122.764719,23-07-20 16:36:35
45672,48.273928,-122.767893,23-07-20 16:53:35
45672,48.271599,-122.769163,23-07-20 17:10:42
45672,48.269162,-122.770188,23-07-20 17:27:35
45672,48.26683,-122.771218,23-07-20 17:44:37
45672,48.264815,-122.772288,23-07-20 18:01:35
45672,48.262723,-122.773701,23-07-20 18:16:34
45672,48.260675,-122.775349,23-07-20 18:31:35
45672,48.258343,-122.776618,23-07-20 18:48:33
45672,48.256064,-122.777558,23-07-20 19:05:33
45672,48.253702,-122.777939,23-07-20 19:22:41
45672,48.250888,-122.777553,23-07-20 19:39:36
45672,48.247662,-122.777485,23-07-20 19:54:37
45672,48.244298,-122.777788,23-07-20 20:09:35
45672,48.240754,-122.7785,23-07-20 20:24:37
45672,48.237242,-122.780178,23-07-20 20:39:35
45672,48.233252,-122.780133,23-07-20 20:56:36
45672,48.226757,-122.78567,23-07-20 21:13:32
45672,48.220077,-122.787821,23-07-20 21:30:32
45672,48.251101,-122.764841,23-07-20 22:21:39
45672,48.247704,-122.769379,23-07-20 22:38:29
45672,48.242462,-122.773432,23-07-20 22:55:31
45672,48.235825,-122.77798,23-07-20 23:12:29
45672,48.225674,-122.781229,23-07-20 23:29:29
45672,48.212704,-122.781317,23-07-20 23:46:31
45672,48.199787,-122.765025,23-07-21 00:03:28
45672,48.188323,-122.745742,23-07-21 00:20:29
45672,48.176146,-122.72673,23-07-21 00:37:28
45672,48.162807,-122.708565,23-07-21 00:54:28
45672,48.144497,-122.691455,23-07-21 01:11:29
45672,48.124513,-122.674126,23-07-21 01:28:28
45672,48.090632,-122.637567,23-07-21 02:02:29
45672,48.109565,-122.715024,23-07-21 02:19:27
45672,48.112956,-122.721514,23-07-21 02:53:30
45672,48.149664,-122.773652,23-07-21 03:10:26
45672,48.147109,-122.786262,23-07-21 03:27:27
45672,48.149164,-122.786715,23-07-21 03:44:30
45672,48.151099,-122.791082,23-07-21 04:01:30
45672,48.152681,-122.796269,23-07-21 04:18:31
45672,48.154491,-122.802266,23-07-21 04:35:34
45672,48.156606,-122.808737,23-07-21 04:52:42
45672,48.157496,-122.817023,23-07-21 05:09:34
45672,48.158708,-122.828618,23-07-21 05:26:32
45672,48.157472,-122.835733,23-07-21 05:43:29
45672,48.154812,-122.853634,23-07-21 06:17:26
45672,48.123053,-122.914915,23-07-21 06:34:24
45672,48.126556,-122.922725,23-07-21 06:51:28
45672,48.126885,-122.922924,23-07-21 07:08:25
45672,48.126889,-122.922914,23-07-21 07:25:29
45672,48.128453,-122.923711,23-07-21 07:40:30
45672,48.12652,-122.922285,23-07-21 07:55:26
45672,48.126675,-122.922565,23-07-21 08:10:29
45672,48.126888,-122.922907,23-07-21 08:25:28
45672,48.127089,-122.923216,23-07-21 08:40:29
45672,48.126689,-122.923908,23-07-21 08:55:27
45672,48.123118,-122.917605,23-07-21 09:12:29
45672,48.122924,-122.918945,23-07-21 09:29:27
45672,48.124079,-122.919717,23-07-21 09:46:27
45672,48.127259,-122.92324,23-07-21 10:03:27
45672,48.126999,-122.923022,23-07-21 10:20:25
45672,48.126873,-122.923274,23-07-21 10:37:25
45695,48.106954,-122.909324,23-07-13 09:05:01
45695,48.106422,-122.914073,23-07-13 09:25:14
45695,48.10769,-122.918709,23-07-13 09:45:19
45695,48.108068,-122.922175,23-07-13 10:05:21
45695,48.109065,-122.923824,23-07-13 10:25:24
45695,48.110267,-122.924966,23-07-13 10:45:25
45695,48.139311,-122.843178,23-07-13 11:05:32
45695,48.164088,-122.793696,23-07-13 11:25:39
45695,48.170848,-122.811074,23-07-13 11:45:34
45695,48.218496,-122.785265,23-07-13 12:05:36
45695,48.260129,-122.840758,23-07-13 12:46:41
45695,48.25968,-122.860866,23-07-13 13:06:57
45695,48.252927,-122.877107,23-07-13 13:27:28
45695,48.259625,-122.855744,23-07-13 13:47:59
45695,48.248131,-122.883296,23-07-13 14:08:40
45695,48.249144,-122.885436,23-07-13 14:28:58
45695,48.252863,-122.877752,23-07-13 14:49:25
45695,48.258543,-122.84237,23-07-13 15:09:51
45695,48.385908,-122.687898,23-07-13 16:11:27
45695,48.397395,-122.690793,23-07-13 17:33:14
45695,48.399705,-122.694006,23-07-13 17:53:50
45695,48.40331,-122.706527,23-07-13 18:34:53
45695,48.398915,-122.714312,23-07-13 18:55:24
45695,48.398005,-122.710599,23-07-13 19:16:02
45695,48.397967,-122.71071,23-07-13 19:36:37
45695,48.398326,-122.70944,23-07-13 19:57:04
45695,48.400334,-122.708041,23-07-13 20:15:40
45695,48.403075,-122.708319,23-07-13 20:34:21
45695,48.406088,-122.710193,23-07-13 20:52:59
45695,48.408853,-122.711611,23-07-13 21:11:40
45695,48.413871,-122.713679,23-07-13 21:32:13
45695,48.416208,-122.716842,23-07-13 21:52:44
45695,48.401892,-122.67808,23-07-13 23:35:02
45695,48.39899,-122.68244,23-07-13 23:55:34
45695,48.399728,-122.686533,23-07-14 00:16:06
45695,48.397534,-122.688665,23-07-14 00:36:40
45695,48.405868,-122.697064,23-07-14 01:38:07
45695,48.382349,-122.723688,23-07-14 02:19:04
45695,48.391376,-122.710961,23-07-14 02:39:36
45695,48.395321,-122.713107,23-07-14 03:00:06
45695,48.399239,-122.713224,23-07-14 03:20:44
45695,48.390581,-122.711261,23-07-14 04:01:35
45695,48.299751,-122.770826,23-07-14 04:22:05
45695,48.294946,-122.776453,23-07-14 04:42:34
45695,48.289874,-122.781429,23-07-14 05:03:05
45695,48.23898,-122.824572,23-07-14 05:23:26
45695,48.234341,-122.825401,23-07-14 05:44:01
45695,48.167702,-122.859926,23-07-14 06:04:27
45695,48.161449,-122.859364,23-07-14 06:24:59
45695,48.131393,-122.894667,23-07-14 06:45:28
45695,48.1309,-122.890933,23-07-14 07:06:01
45695,48.128737,-122.888197,23-07-14 07:26:31
45695,48.12528,-122.887676,23-07-14 07:47:01
45695,48.121914,-122.892045,23-07-14 08:07:40
45695,48.126974,-122.923518,23-07-14 08:28:00
45695,48.126607,-122.922391,23-07-14 08:48:50
45695,48.126549,-122.923264,23-07-14 09:29:52
45695,48.165723,-122.923487,23-07-14 09:50:09
45695,48.127189,-122.923412,23-07-14 10:31:22
45695,48.140719,-122.913536,23-07-14 10:49:53
45695,48.16079,-122.904305,23-07-14 11:10:26
45695,48.166071,-122.911238,23-07-14 11:30:54
45695,48.172271,-122.922015,23-07-14 11:51:29
45695,48.261103,-122.87542,23-07-14 12:12:00
45695,48.250697,-122.811519,23-07-14 12:32:34
45701,48.117803,-122.90886,23-07-13 07:46:11
45701,48.1151,-122.908013,23-07-13 08:01:11
45701,48.111445,-122.910907,23-07-13 08:16:15
45701,48.107721,-122.915063,23-07-13 08:31:15
45701,48.105814,-122.919982,23-07-13 08:46:13
45701,48.103996,-122.919943,23-07-13 09:01:13
45701,48.103035,-122.923166,23-07-13 09:16:13
45701,48.104125,-122.926503,23-07-13 09:31:15
45701,48.106448,-122.929403,23-07-13 09:46:15
45701,48.107884,-122.932384,23-07-13 10:01:11
45701,48.10954,-122.938322,23-07-13 10:18:12
45701,48.110476,-122.948463,23-07-13 10:35:13
45701,48.111026,-122.960891,23-07-13 10:52:14
45701,48.11309,-122.978037,23-07-13 11:09:14
45701,48.115067,-122.99138,23-07-13 11:26:14
45701,48.118148,-123.000448,23-07-13 11:43:12
45701,48.153314,-123.086077,23-07-13 12:00:16
45701,48.191581,-123.107261,23-07-13 12:34:25
45701,48.19294,-123.108067,23-07-13 12:51:12
45701,48.195825,-123.109653,23-07-13 13:08:14
45701,48.196413,-123.111818,23-07-13 13:25:14
45701,48.187758,-123.102389,23-07-13 13:42:16
45701,48.192537,-123.104586,23-07-13 13:59:14
45701,48.197265,-123.109808,23-07-13 14:16:14
45701,48.200631,-123.115408,23-07-13 14:33:16
45701,48.201221,-123.120574,23-07-13 14:50:14
45701,48.200517,-123.12431,23-07-13 15:07:14
45701,48.200882,-123.129394,23-07-13 15:24:22
45701,48.186679,-123.134151,23-07-13 15:41:23
45701,48.189392,-123.11114,23-07-13 15:58:15
45701,48.192042,-123.106562,23-07-13 16:15:15
45701,48.193549,-123.102253,23-07-13 16:32:13
45701,48.194095,-123.09473,23-07-13 16:49:15
45701,48.192638,-123.087934,23-07-13 17:06:13
45701,48.190648,-123.080639,23-07-13 17:23:22
45701,48.186255,-123.074744,23-07-13 17:40:23
45701,48.182767,-123.070706,23-07-13 17:57:17
45701,48.18152,-123.0689,23-07-13 18:14:13
45701,48.180984,-123.066239,23-07-13 18:31:13
45701,48.179663,-123.062547,23-07-13 18:48:13
45701,48.179179,-123.061114,23-07-13 19:05:15
45701,48.179118,-123.059338,23-07-13 19:22:26
45701,48.171169,-123.064107,23-07-13 19:56:14
45701,48.174062,-123.159939,23-07-13 21:04:29
45701,48.15247,-123.195175,23-07-13 21:38:15
45701,48.135687,-123.22543,23-07-13 21:55:17
45701,48.139941,-123.223718,23-07-13 22:12:15
45701,48.139656,-123.225325,23-07-13 22:29:17
45701,48.173097,-123.16025,23-07-13 22:46:16
