"ID","x","y","time"
44149,506.544400750611,5329.96938162583,23-7-13 6:30:49
44149,506.815155826405,5329.76351724317,23-7-13 6:47:48
44149,506.952643181627,5329.49192485342,23-7-13 7:4:47
44149,507.171649044005,5329.33369742801,23-7-13 7:21:52
44149,507.266638265032,5329.19977233257,23-7-13 7:38:51
44149,507.282126977504,5329.13521486489,23-7-13 7:55:50
44149,507.085802847294,5328.93879201827,23-7-13 8:12:55
44149,506.690917583715,5329.08825609967,23-7-13 8:27:51
44149,505.742735192154,5330.37343509836,23-7-13 8:42:55
44149,505.849468401571,5330.64018823922,23-7-13 8:57:53
44149,505.844169226731,5330.65596590889,23-7-13 9:12:51
44149,505.824349110347,5330.46332545828,23-7-13 9:27:52
44149,505.714945485588,5330.40719641055,23-7-13 9:42:52
44149,505.830383681721,5330.60237829775,23-7-13 9:57:52
44149,505.512693840635,5330.25116806491,23-7-13 10:12:52
44149,505.766304776565,5330.46649001158,23-7-13 10:27:53
44149,505.721714679589,5330.4095372877,23-7-13 10:42:52
44149,505.716803464581,5330.40953238202,23-7-13 10:57:54
44149,504.503260694251,5340.54003798048,23-7-13 11:12:52
44149,503.803821458476,5340.78228089927,23-7-13 11:29:53
44149,502.333131278644,5346.21775580009,23-7-13 11:45:39
44149,501.865410923449,5354.57331026596,23-7-13 12:2:43
44149,500.641902106258,5361.83478830034,23-7-13 12:19:43
44149,501.376281643517,5364.38045756319,23-7-13 12:36:46
44149,502.649087760191,5362.46439071281,23-7-13 12:53:47
44149,502.777672990217,5362.80258264405,23-7-13 13:10:55
44149,502.504076570447,5362.08717960185,23-7-13 13:27:44
44149,502.053069063577,5361.41651856685,23-7-13 13:44:47
44149,501.52013024775,5360.87836676179,23-7-13 14:1:47
44149,500.955661864205,5360.59457951334,23-7-13 14:18:56
44167,506.632381668035,5329.4391941904,23-7-13 7:0:56
44167,506.880884558672,5329.19340508289,23-7-13 7:17:56
44167,506.786926754403,5328.96688405465,23-7-13 7:34:58
44167,506.634041940625,5328.77675271811,23-7-13 7:51:56
44167,506.535495936518,5328.64259477986,23-7-13 8:8:58
44167,506.446440250383,5328.27314874344,23-7-13 8:25:56
44167,506.319001682682,5328.00036063938,23-7-13 8:42:58
44167,506.068439925768,5327.91506158506,23-7-13 8:59:56
44167,505.911254949316,5328.01815376417,23-7-13 9:16:58
44167,505.733679688353,5328.04564917603,23-7-13 9:34:0
44167,505.687370201268,5328.201543686,23-7-13 9:50:59
44167,505.416576022993,5328.25641071063,23-7-13 10:7:59
44167,505.116653861421,5328.42519118104,23-7-13 10:24:57
44167,504.710867039505,5328.45474197809,23-7-13 10:41:57
44167,504.613329674833,5328.57681431296,23-7-13 10:58:57
44167,504.524556046012,5328.4461445628,23-7-13 11:15:57
44167,503.5730632264,5328.37133643452,23-7-13 11:32:59
44167,502.481682042076,5328.44856334464,23-7-13 11:49:57
44167,501.741378428549,5330.22643838384,23-7-13 12:24:6
44167,501.634557530044,5330.09113943935,23-7-13 12:40:58
44167,501.482290015477,5329.84779449325,23-7-13 12:58:2
44167,501.478890076345,5329.46911173233,23-7-13 13:15:0
44167,501.075396938699,5329.27340103851,23-7-13 13:32:0
44167,500.558786273139,5329.39914702202,23-7-13 13:49:0
44167,500.297625130716,5329.44225297588,23-7-13 14:5:58
44167,509.442811936404,5333.68524282575,23-7-13 14:22:58
44167,520.284198461003,5332.20799958354,23-7-13 14:57:3
44167,519.777423384886,5332.79743185556,23-7-13 15:14:1
44167,519.432747617359,5333.23162502629,23-7-13 15:31:0
44167,519.231575311249,5333.4699175961,23-7-13 15:48:0
44167,519.093029823476,5333.66663353944,23-7-13 16:5:1
44167,519.022920653691,5333.86102360025,23-7-13 16:21:59
44167,519.003171173088,5334.00789829031,23-7-13 16:38:59
44167,521.489856850555,5337.44692169022,23-7-13 16:55:59
44167,520.96371139097,5337.16831230209,23-7-13 17:13:1
44167,521.302132274984,5336.68572443103,23-7-13 17:29:59
44167,521.472931792278,5335.89852717069,23-7-13 17:47:3
44167,521.597859536421,5334.92565194525,23-7-13 18:4:2
44167,522.205526534945,5333.76712377209,23-7-13 18:19:1
44167,522.945624653308,5332.42212417147,23-7-13 18:34:0
44167,523.830197324954,5331.2902282333,23-7-13 18:49:0
44167,524.839966215095,5330.30139347648,23-7-13 19:4:2
44167,525.822660617866,5329.27048757776,23-7-13 19:21:0
44167,526.662095880984,5328.19428716722,23-7-13 19:38:3
44167,527.083020614717,5326.83478446524,23-7-13 19:55:2
44167,527.829090611155,5320.83539479109,23-7-13 20:12:0
44167,539.163437653155,5307.99796832057,23-7-13 20:27:1
44167,541.495367558423,5306.01603323203,23-7-13 20:44:1
44167,541.59480693869,5305.25315417549,23-7-13 21:1:4
44167,542.050284757427,5304.38282228858,23-7-13 21:18:2
44167,542.320255166062,5303.59363578558,23-7-13 21:35:2
44167,542.44018218251,5303.15581078659,23-7-13 21:52:0
44167,542.466055718461,5303.23680630032,23-7-13 22:9:0
44167,542.419426870323,5305.13566927283,23-7-13 22:26:0
44167,542.124229736685,5305.27233264786,23-7-13 22:43:0
44167,541.931873314338,5305.32928521993,23-7-13 23:0:2
44167,541.776253594986,5305.38150825667,23-7-13 23:17:0
44167,541.592436357348,5305.49911017928,23-7-13 23:34:0
44167,540.90552532323,5305.94791076038,23-7-13 23:51:0
44167,540.561780516129,5306.09164508222,23-7-14 0:8:0
44167,541.916034922317,5306.21314062935,23-7-14 0:25:2
44167,543.43173443217,5304.58633899148,23-7-14 0:42:0
44167,543.566948697661,5304.76653095815,23-7-14 0:59:0
44167,543.571456173352,5304.66452969304,23-7-14 1:16:0
44167,543.562527138728,5304.97601453826,23-7-14 1:33:0
44167,541.466462741548,5307.2819277038,23-7-14 2:7:15
44167,540.685928964112,5307.24413564085,23-7-14 2:24:2
44167,539.97030956476,5307.59558727053,23-7-14 2:41:3
44167,539.222385541235,5308.11829880621,23-7-14 2:58:2
44167,538.50893156691,5308.73470140868,23-7-14 3:15:2
44167,537.890829620116,5309.36715565043,23-7-14 3:32:3
44167,537.191218515278,5310.01393138468,23-7-14 3:49:6
44167,531.455931710064,5312.80848746765,23-7-14 4:6:3
44167,526.123668958412,5319.35344274211,23-7-14 4:23:4
44167,525.791180819403,5319.77619424763,23-7-14 4:40:2
44167,524.875913203423,5323.00758326382,23-7-14 4:57:2
44167,523.113709174996,5329.66583474463,23-7-14 5:14:3
44167,523.315750088077,5329.92652209668,23-7-14 5:31:4
44167,523.500662004971,5330.07710804537,23-7-14 5:48:3
44167,516.912788708031,5333.15693006575,23-7-14 6:5:3
44167,508.088304710387,5332.11163206755,23-7-14 6:21:18
44167,505.694897048644,5330.43885373332,23-7-14 7:6:20
44167,505.530213129927,5330.29519971826,23-7-14 7:21:25
44167,505.650848482621,5330.28464725568,23-7-14 7:36:20
44167,505.72004949803,5330.363186737,23-7-14 8:6:23
44167,505.057220958351,5331.49416564351,23-7-14 8:21:23
44167,504.493353063628,5330.07621913933,23-7-14 9:6:23
44167,505.571258527323,5330.32713909626,23-7-14 9:21:19
44369,506.783141591909,5329.39769014849,23-7-13 7:46:11
44369,506.846539101641,5329.09733185117,23-7-13 8:1:11
44369,506.63161065656,5328.6908323792,23-7-13 8:16:15
44369,506.322716850058,5328.27656761399,23-7-13 8:31:15
44369,505.956766488368,5328.06421617117,23-7-13 8:46:13
44369,505.95987992346,5327.86215235457,23-7-13 9:1:13
44369,505.720048851241,5327.75509474582,23-7-13 9:16:13
44369,505.471504067151,5327.87600331212,23-7-13 9:31:15
44369,505.255375981094,5328.13399777295,23-7-13 9:46:15
44369,505.033324426813,5328.29340694925,23-7-13 10:1:11
44369,504.591153160849,5328.47709669797,23-7-13 10:18:12
44369,503.836213322486,5328.58057601529,23-7-13 10:35:13
44369,502.911090417426,5328.64116265134,23-7-13 10:52:14
44369,501.634757188461,5328.87006581106,23-7-13 11:9:14
44369,500.64158204464,5329.08960820686,23-7-13 11:26:14
44369,499.966657590242,5329.43201971068,23-7-13 11:43:12
44369,493.598090753288,5333.34424953282,23-7-13 12:0:16
44369,492.028480889529,5337.59957531719,23-7-13 12:34:25
44369,491.968792230342,5337.75071147129,23-7-13 12:51:12
44369,491.851383047991,5338.07154500002,23-7-13 13:8:14
44369,491.690591025726,5338.13713277381,23-7-13 13:25:14
44369,492.389996520555,5337.17415695471,23-7-13 13:42:16
44369,492.227428488155,5337.70556034691,23-7-13 13:59:14
44369,491.840093233229,5338.23161693191,23-7-13 14:16:14
44369,491.424515280642,5338.60635646356,23-7-13 14:33:16
44369,491.040754416526,5338.67252410866,23-7-13 14:50:14
44369,490.763024591396,5338.59471696156,23-7-13 15:7:14
44369,490.385321399665,5338.63591011563,23-7-13 15:24:22
44369,490.029095283551,5337.05785866862,23-7-13 15:41:23
44369,491.739846150956,5337.35667854604,23-7-13 15:58:15
44369,492.080500825401,5337.65074300859,23-7-13 16:15:15
44369,492.400960861162,5337.81781044569,23-7-13 16:32:13
44369,492.960115245275,5337.87778175128,23-7-13 16:49:15
44369,493.464976455667,5337.71523669474,23-7-13 17:6:13
44369,494.006889584146,5337.49345459427,23-7-13 17:23:22
44369,494.444532648868,5337.00473203934,23-7-13 17:40:23
44369,494.744306869202,5336.61675891855,23-7-13 17:57:17
44369,494.878425591255,5336.47803375617,23-7-13 18:14:13
44369,495.076175550611,5336.41828385194,23-7-13 18:31:13
44369,495.350498029233,5336.27122570372,23-7-13 18:48:13
44369,495.456978937493,5336.21734376064,23-7-13 19:5:15
44369,495.588995910453,5336.21046023281,23-7-13 19:22:26
44369,495.233746500038,5335.32721950363,23-7-13 19:56:14
44369,488.109459977696,5335.65915420344,23-7-13 21:4:29
44369,485.48377712451,5333.26527541562,23-7-13 21:38:15
44369,483.228083302671,5331.40602186899,23-7-13 21:55:17
44369,483.356830430307,5331.87847550619,23-7-13 22:12:15
44369,483.237187327822,5331.84714710274,23-7-13 22:29:17
44369,488.08611538738,5335.55194339294,23-7-13 22:46:16
44469,505.739978666746,5330.45090277964,22-6-23 7:31:7
44469,505.741620407847,5330.44623619203,22-6-23 8:1:21
44469,505.843603013868,5330.40877120091,22-6-23 8:16:21
44469,508.590252590736,5331.54261484478,22-6-23 8:31:7
44469,508.655776287744,5332.68754662055,22-6-23 8:46:8
44469,508.967496034544,5332.74726908624,22-6-23 9:1:9
44469,508.755764532762,5332.77328345323,22-6-23 9:16:9
44469,508.50608180948,5332.76179190703,22-6-23 9:31:5
44469,508.161900684011,5332.77285005557,22-6-23 9:46:9
44469,507.799031942253,5332.79801931369,22-6-23 10:1:5
44469,507.419364279305,5332.87442941676,22-6-23 10:16:5
44469,507.020881205298,5332.95706591835,22-6-23 10:31:7
44469,506.572051148869,5333.10836212917,22-6-23 10:46:6
44469,506.097391262365,5333.37203752452,22-6-23 11:1:6
44469,505.242622366661,5333.76632479971,22-6-23 11:16:7
44469,504.349970381285,5334.26018931303,22-6-23 11:31:5
44469,504.186950727531,5341.98852973404,22-6-23 11:46:5
44469,504.585416999521,5355.91969099239,22-6-23 12:1:5
44469,502.701979376286,5360.3209267316,22-6-23 12:16:24
44469,501.878102020524,5364.12905966766,22-6-23 12:31:18
44469,501.989682516253,5363.83553953209,22-6-23 12:46:7
44469,501.606614960352,5363.36723678881,22-6-23 13:1:7
44469,501.279981594312,5362.70489793347,22-6-23 13:16:53
44469,501.67114869246,5363.0466871597,22-6-23 13:33:54
44469,500.987924062238,5362.35192577053,22-6-23 14:7:18
44469,500.9285345075,5362.17217990066,22-6-23 14:22:31
44469,500.751927818571,5361.96118371825,22-6-23 14:37:32
44469,500.567598889011,5361.876685361,22-6-23 14:52:30
44469,500.485759374967,5361.79253432586,22-6-23 15:7:31
44469,500.528820966093,5361.88346199387,22-6-23 15:24:41
44469,500.475223520583,5362.11876991885,22-6-23 15:41:31
44469,500.326111019008,5362.18667438936,22-6-23 15:58:32
44720,505.712382419387,5330.44031608089,23-7-13 7:16:21
44720,506.935038453264,5331.06143059574,23-7-13 7:33:13
44720,507.115216607011,5330.96450785586,23-7-13 7:50:13
44720,507.317639862221,5330.8742880923,23-7-13 8:7:13
44720,507.414569194466,5330.66167449565,23-7-13 8:24:13
44720,507.569436137733,5330.2515169015,23-7-13 8:41:17
44720,507.760228535071,5330.09160737123,23-7-13 8:58:16
44720,507.830585587458,5329.90397345423,23-7-13 9:15:15
44720,507.73595652084,5329.71500372311,23-7-13 9:32:12
44720,507.544072540437,5329.56469746547,23-7-13 9:49:12
44720,507.327996858096,5329.46738443626,23-7-13 10:6:12
44720,507.111279432823,5329.28160476391,23-7-13 10:23:12
44720,506.818987112154,5328.98326091568,23-7-13 10:40:12
44720,506.833469314429,5329.00995374392,23-7-13 10:57:12
44720,509.790126219355,5330.07204375823,23-7-13 11:14:12
44720,519.328735617187,5333.57161387615,23-7-13 11:31:12
44720,517.929015616493,5334.98154981797,23-7-13 11:48:12
44720,516.392790024237,5336.33007959041,23-7-13 12:5:12
44720,514.768060020442,5337.40958609734,23-7-13 12:22:13
44720,513.166826603526,5338.87841147715,23-7-13 12:39:13
44720,513.908847188246,5340.29811765782,23-7-13 12:56:14
44720,512.225252905974,5341.48435292346,23-7-13 13:13:14
44720,510.79946667838,5342.68757252594,23-7-13 13:30:14
44720,509.510778216533,5344.08466736206,23-7-13 13:47:12
44720,508.558489899173,5344.4840797728,23-7-13 14:4:14
44720,507.925147992825,5344.86952493728,23-7-13 14:21:16
44720,507.541398549374,5345.21312790665,23-7-13 14:38:12
44720,507.269013855065,5345.50221141227,23-7-13 14:55:14
44720,507.152898082691,5345.83107184728,23-7-13 15:12:14
44720,507.088122395374,5346.23958270973,23-7-13 15:29:20
44720,507.090957565457,5346.52535612887,23-7-13 15:46:13
44720,507.093166963902,5346.77711659142,23-7-13 16:3:13
44720,507.047554352295,5347.06071822704,23-7-13 16:20:13
44720,507.062352905501,5347.39263465838,23-7-13 16:37:14
44720,507.266733214682,5347.75502328281,23-7-13 16:54:13
44720,507.544929710013,5348.09395270915,23-7-13 17:11:14
44720,507.942376288046,5348.42928194177,23-7-13 17:28:15
44720,508.579966696739,5345.15813208085,23-7-13 17:45:15
44720,511.407245499908,5343.64365345753,23-7-13 18:2:13
44720,511.296949945781,5345.39095257995,23-7-13 18:19:13
44720,511.529381553604,5345.03328856659,23-7-13 18:36:14
44720,511.702690944336,5344.52723671714,23-7-13 18:53:13
44720,511.800354341048,5344.17931256706,23-7-13 19:10:13
44720,511.871954873401,5343.87524059053,23-7-13 19:27:15
44720,512.003996148559,5343.64143287177,23-7-13 19:44:13
44720,509.927730207733,5345.07895781362,23-7-13 20:1:15
44720,510.198435875781,5344.98551303741,23-7-13 20:18:15
44720,510.501370249999,5344.80799895282,23-7-13 20:35:14
44720,510.72411755933,5344.57288438519,23-7-13 20:52:15
44720,510.866064277599,5344.44455133596,23-7-13 21:7:30
44720,508.725658590923,5345.40266350153,23-7-13 21:24:46
44720,508.991738062787,5345.39651920579,23-7-13 21:41:38
44720,509.135242290028,5345.41686580728,23-7-13 21:56:30
44720,509.207025308186,5345.36173918826,23-7-13 22:13:31
44720,509.393077396637,5345.32436255894,23-7-13 22:30:29
44720,509.516150675438,5345.00189489392,23-7-13 22:47:30
44720,509.681710414797,5344.97660896426,23-7-13 23:4:29
44720,509.714928417377,5344.73524523699,23-7-13 23:21:29
44720,509.660362970104,5344.39025071324,23-7-13 23:38:29
44720,509.344561805303,5344.35938006018,23-7-14 0:12:29
44720,509.132917802323,5344.45896181974,23-7-14 0:29:29
44720,519.519752547385,5337.67815790638,23-7-14 1:35:40
44720,523.778378416138,5330.47450431377,23-7-14 1:52:49
44720,523.085330781548,5332.07033977443,23-7-14 2:43:40
44720,522.376776829072,5333.05087132338,23-7-14 3:0:40
44720,521.604709393891,5333.80128008048,23-7-14 3:17:42
44720,521.045080301867,5334.16432227193,23-7-14 3:34:42
44720,520.317483683581,5334.66964783975,23-7-14 3:51:44
44720,519.425324041013,5335.00088731727,23-7-14 4:8:45
44720,518.636736975317,5335.29458887378,23-7-14 4:25:42
44720,518.013330686389,5335.61937215237,23-7-14 4:42:42
44720,517.509671042109,5335.75463306735,23-7-14 4:59:42
44720,517.210664016427,5335.72871617685,23-7-14 5:16:44
44720,517.305838106506,5335.69965988732,23-7-14 5:33:44
44720,517.42158168099,5335.50805516804,23-7-14 5:50:42
44720,514.586976934843,5333.89800730094,23-7-14 6:7:45
44720,514.64303619835,5333.75821324719,23-7-14 6:24:50
44720,508.058534746564,5331.22317825277,23-7-14 6:41:42
44720,507.568227294345,5330.88450610482,23-7-14 6:58:42
44720,507.4630751759,5331.06798551924,23-7-14 7:15:44
44720,507.091100584227,5331.03161166948,23-7-14 7:32:48
44720,505.801499215131,5330.46874853286,23-7-14 8:4:21
44720,505.76059644161,5330.44525491665,23-7-14 10:18:29
44720,505.776101136247,5330.4184837678,23-7-14 10:33:38
44720,505.79832405511,5330.44451495987,23-7-14 10:48:39
44720,505.866987400624,5330.39034447723,23-7-14 11:3:45
44720,508.647597046266,5335.43981027951,23-7-14 11:20:30
44720,510.366937763972,5345.79288635528,23-7-14 11:37:28
44720,520.870378371911,5360.22807360423,23-7-14 11:52:30
44720,523.171678405037,5375.64574856717,23-7-14 12:7:31
44720,524.138352675976,5378.57415166363,23-7-14 12:24:32
44720,524.038900541884,5378.13865255343,23-7-14 12:41:30
44720,523.811652068886,5376.8551441346,23-7-14 12:58:29
44720,522.83625534477,5375.14450500284,23-7-14 13:15:27
44720,521.562109581726,5373.61041310858,23-7-14 13:32:29
44720,520.372143946762,5371.76990465765,23-7-14 13:49:29
44720,519.579274895732,5369.73560510683,23-7-14 14:6:27
44720,519.050386614845,5367.77589453297,23-7-14 14:23:27
44720,518.700743247158,5366.02146825945,23-7-14 14:40:40
44720,518.468786540641,5364.58580097059,23-7-14 14:57:29
44720,520.277469181353,5375.8540343778,23-7-14 15:14:12
44720,515.930994082203,5376.13276923309,23-7-14 15:31:27
44720,516.405843176211,5376.03664481378,23-7-14 15:48:13
44720,516.719855429885,5376.06524446813,23-7-14 16:5:12
44720,516.54150099714,5376.42131110829,23-7-14 16:22:10
44720,516.588060126766,5376.65309943517,23-7-14 16:39:10
44720,516.830537782149,5376.94638346455,23-7-14 16:56:14
44720,517.663686005265,5376.84555383972,23-7-14 17:30:14
44720,518.123907593052,5376.7215165991,23-7-14 17:47:14
44720,518.300823496271,5376.08593389058,23-7-14 18:4:12
44720,518.401073980205,5375.63129301608,23-7-14 18:21:12
44720,518.458800125292,5375.49709237035,23-7-14 18:38:10
44720,518.249466851324,5375.55443579582,23-7-14 18:55:14
44720,518.162423116648,5375.87695571111,23-7-14 19:12:10
44720,521.933118436086,5371.90246618837,23-7-14 19:29:10
44720,522.008535466999,5373.09903282194,23-7-14 20:3:10
44720,523.061516236362,5374.20369270788,23-7-14 20:20:10
44720,524.107485750971,5374.83087832693,23-7-14 20:37:13
44720,525.079454480086,5375.16269490386,23-7-14 20:54:13
44720,524.244398654306,5373.10540713835,23-7-14 21:11:11
44720,524.091529366932,5373.18823247289,23-7-14 21:28:11
44720,521.616353747064,5371.68926928458,23-7-14 21:45:9
44720,522.000239286008,5372.59312397107,23-7-14 22:2:11
44720,522.348475224479,5373.68427709539,23-7-14 22:19:9
44720,523.500152087495,5374.64546325682,23-7-14 22:36:13
44720,524.134781056003,5374.80187157556,23-7-14 22:53:9
44720,524.643432440524,5374.78528308508,23-7-14 23:10:9
44720,524.898512367728,5374.8908907062,23-7-14 23:27:11
44720,524.876492986947,5374.8276559019,23-7-14 23:44:9
44720,525.04202423935,5374.64619970061,23-7-15 0:1:10
44720,524.903780117414,5374.5837844446,23-7-15 0:18:11
44720,524.404122253408,5374.46266388974,23-7-15 0:35:11
44720,525.417222492461,5375.2793653585,23-7-15 1:26:9
44720,525.041354647781,5375.21332501833,23-7-15 2:34:11
44720,524.764422128239,5375.3974038852,23-7-15 2:51:10
44720,524.237050861749,5374.98927726234,23-7-15 3:8:10
44720,523.551364229503,5374.72370938675,23-7-15 3:25:10
44720,522.501707957975,5374.20465790321,23-7-15 3:42:8
44720,517.129832839318,5365.46049819367,23-7-15 3:57:8
44720,516.475820179124,5358.43780678358,23-7-15 4:14:10
44720,516.551047930382,5358.3126439111,23-7-15 4:31:10
44720,516.776143719561,5358.24283313346,23-7-15 4:48:10
44720,516.931702523391,5358.0267669932,23-7-15 5:5:10
44720,517.228145611558,5357.78067476672,23-7-15 5:22:12
44720,517.351299084794,5357.4909379366,23-7-15 5:39:10
44720,515.250619529288,5352.75333033312,23-7-15 5:56:8
44720,513.271380338605,5347.7110538347,23-7-15 6:13:18
44720,513.087898478684,5347.36272394079,23-7-15 6:30:8
44720,510.476371656962,5341.44508327658,23-7-15 6:45:9
44720,508.508856854863,5332.29619326792,23-7-15 7:0:7
44720,505.762490856808,5330.41135655524,23-7-15 8:44:35
44720,505.719424439619,5330.39297388606,23-7-15 9:29:28
44720,505.758090693223,5330.42113318914,23-7-15 9:44:28
44720,506.40747793316,5329.63089125911,23-7-15 10:29:36
44720,505.829753086247,5330.34473559724,23-7-15 10:44:40
44720,505.946549554882,5330.23259581989,23-7-15 10:59:26
44720,510.103197872298,5334.58056710974,23-7-15 11:14:18
44720,509.644224003965,5334.64468580091,23-7-15 11:31:18
44720,509.25646573115,5334.63459725529,23-7-15 11:48:18
44720,509.410447076176,5335.68165378247,23-7-15 12:5:18
44720,517.274043681329,5343.10754213938,23-7-15 12:22:29
44720,516.726679554063,5344.37537172148,23-7-15 12:39:20
44720,516.931573065884,5344.49546462361,23-7-15 12:56:20
44720,517.088724583891,5344.59230207906,23-7-15 13:13:20
44720,517.106015121174,5344.84122262283,23-7-15 13:30:20
44720,517.162724923999,5345.13650103853,23-7-15 13:47:20
44720,517.385431724658,5345.29312207171,23-7-15 14:4:19
44720,517.888345691469,5345.45818294362,23-7-15 14:21:19
44720,516.680051339313,5340.44303685604,23-7-15 14:38:28
44720,518.733623198898,5334.15728385763,23-7-15 14:55:18
44720,519.411765778144,5331.54541118912,23-7-15 15:12:19
44720,519.460143377303,5332.08698572409,23-7-15 15:29:17
44720,520.169534175675,5332.1106716097,23-7-15 15:46:19
44720,519.553586169479,5333.23859463426,23-7-15 16:3:19
44720,519.007076984016,5333.99624051474,23-7-15 16:20:17
44720,518.570756918461,5334.3886116623,23-7-15 16:37:19
44720,518.173736948719,5334.71711832457,23-7-15 16:54:17
44720,517.77163336248,5334.94960298953,23-7-15 17:11:19
44720,517.483433424465,5334.95049285085,23-7-15 17:26:19
44720,517.441897795741,5334.74618340742,23-7-15 17:41:17
44720,517.68053056839,5334.59497424533,23-7-15 17:58:19
44720,518.289318887877,5334.21931235551,23-7-15 18:15:19
44720,520.113881015602,5330.5673843131,23-7-15 18:49:17
44720,520.435548233656,5330.17516502517,23-7-15 19:6:19
44720,520.974830908479,5329.56979381835,23-7-15 19:23:17
44720,521.460081199732,5329.01317630663,23-7-15 19:40:17
44720,521.938631319866,5328.7534543113,23-7-15 19:55:17
44720,522.701671615559,5328.64005364035,23-7-15 20:12:17
44720,523.871604459295,5328.26345447392,23-7-15 20:29:21
44720,525.574821541894,5326.8997709215,23-7-15 20:46:27
44720,525.761647177793,5325.17478817966,23-7-15 21:3:19
44720,525.077047671355,5324.29612026442,23-7-15 21:20:18
44720,524.681942325255,5324.44979321591,23-7-15 21:37:25
44720,524.891762889386,5325.15872034501,23-7-15 21:54:20
44720,525.255121916936,5325.97981346992,23-7-15 22:11:18
44720,526.328065085693,5326.16892593921,23-7-15 22:28:16
44720,526.566510179109,5324.93248608064,23-7-15 22:45:16
44720,526.127057923911,5324.43896485453,23-7-15 23:2:16
44720,525.85171429438,5324.9560068146,23-7-15 23:19:16
44720,525.946622807736,5325.10104077068,23-7-15 23:36:16
44720,526.035856179539,5324.78878183871,23-7-15 23:53:16
44720,525.928494889755,5324.94257087091,23-7-16 0:10:16
44720,525.71966549062,5325.21872607545,23-7-16 0:27:17
44720,525.520903790304,5326.03189678742,23-7-16 0:44:15
44720,525.639131731153,5326.77179147343,23-7-16 1:1:15
44720,526.1412077111,5327.18420185227,23-7-16 1:18:16
44720,527.015821536797,5327.07921951094,23-7-16 1:35:15
44720,527.779771487286,5326.76965033909,23-7-16 1:52:16
44720,528.147529040417,5326.15000450969,23-7-16 2:9:16
44720,528.8243347676,5325.59783919679,23-7-16 2:43:17
44720,527.579219186458,5325.75332758106,23-7-16 3:34:14
44720,527.034007929669,5326.33315604732,23-7-16 3:51:17
44720,525.984104966012,5327.24984391005,23-7-16 4:8:12
44720,525.41020426017,5328.08889709238,23-7-16 4:25:13
44720,525.312382545233,5329.20118633428,23-7-16 4:42:12
44720,525.278199947089,5330.33521149037,23-7-16 4:59:12
44720,525.454985649575,5331.36169025007,23-7-16 5:16:13
44720,525.688305903064,5332.04230706187,23-7-16 5:33:14
44720,525.977917506531,5332.51778326938,23-7-16 5:50:16
44720,526.400287514608,5332.6951124411,23-7-16 6:7:13
44720,526.86304899845,5332.77151521173,23-7-16 6:24:16
44720,527.047415726859,5332.71514106569,23-7-16 6:41:14
44720,527.26696392846,5332.48843481385,23-7-16 6:58:12
44720,527.270625601298,5332.21957818566,23-7-16 7:15:12
44720,527.303769739998,5332.50739483348,23-7-16 7:32:11
44720,527.33106023995,5332.80529860908,23-7-16 7:49:15
44720,527.374252741102,5333.02802947799,23-7-16 8:6:21
44720,527.509142319679,5333.19040133663,23-7-16 8:23:11
44720,527.897206682528,5333.27553281061,23-7-16 8:40:13
44720,528.131297579952,5333.37638183814,23-7-16 8:57:15
44720,528.336190802518,5333.4992149316,23-7-16 9:14:13
44720,528.364336394912,5333.43277479659,23-7-16 9:31:13
44720,528.477663755317,5333.51169954075,23-7-16 9:48:11
44720,528.461258116696,5333.43069972835,23-7-16 10:5:13
44720,528.374654277909,5333.34690602009,23-7-16 10:22:13
44720,528.235029675026,5333.38100550091,23-7-16 10:39:12
44720,527.976293558754,5333.37717778891,23-7-16 10:56:12
44720,527.72510562202,5333.350501219,23-7-16 11:13:12
44720,527.523934827674,5333.42411216537,23-7-16 11:30:12
44720,527.279778152681,5333.56065882802,23-7-16 11:47:10
44720,525.271361297829,5334.12363764135,23-7-16 12:21:11
44720,523.906021760765,5333.37161319467,23-7-16 12:38:13
44720,523.468308767591,5333.59221291262,23-7-16 12:55:17
44720,522.861652456775,5334.89399694932,23-7-16 13:12:11
44720,522.392688909201,5335.90061150856,23-7-16 13:29:11
44720,520.963619101021,5332.4275241509,23-7-16 13:46:14
44720,521.461427782827,5329.1305552053,23-7-16 14:3:25
44720,521.655035956747,5329.36291951358,23-7-16 14:20:10
44720,521.46496959159,5329.79413129989,23-7-16 14:37:12
44720,520.969400022379,5330.46341659314,23-7-16 14:54:10
44720,521.104268562332,5330.51526327462,23-7-16 15:28:9
44720,521.11067932424,5330.12870840308,23-7-16 15:45:9
44720,519.540783448082,5332.2832175875,23-7-16 16:19:9
44720,518.965162470397,5333.33720428651,23-7-16 16:36:9
44720,518.405144521857,5334.16032984299,23-7-16 16:53:9
44720,517.943094499355,5334.68893584904,23-7-16 17:10:11
44720,517.77496815479,5334.92927289307,23-7-16 17:27:11
44720,517.666545297571,5335.00596384658,23-7-16 17:44:9
44720,517.745584957964,5334.71788538222,23-7-16 18:1:11
44720,517.652361606547,5334.80751719582,23-7-16 18:16:7
44720,517.69193373674,5334.6585873189,23-7-16 18:31:7
44720,518.095582939697,5334.55403563049,23-7-16 18:48:9
44720,518.772182354419,5334.2815649077,23-7-16 19:5:7
44720,519.539995936602,5333.75506233325,23-7-16 19:22:7
44720,520.379901076258,5332.99127995808,23-7-16 19:39:9
44720,521.616378200748,5331.89354273508,23-7-16 19:56:7
44720,522.679023528796,5330.88129899381,23-7-16 20:13:9
44720,523.366212314973,5329.81580019153,23-7-16 20:30:11
44720,524.351582747641,5328.42675263715,23-7-16 20:47:11
44720,525.299007278628,5326.86931460136,23-7-16 21:4:11
44720,524.893866350125,5325.63500431961,23-7-16 21:21:7
44720,524.68836617276,5325.587766621,23-7-16 21:38:10
44720,524.712069305106,5325.89430749015,23-7-16 21:55:8
44720,524.951374301113,5326.36806249727,23-7-16 22:12:7
44720,525.949846066242,5326.52821568661,23-7-16 22:29:6
44720,526.594806801385,5325.83359575892,23-7-16 22:44:6
44720,526.636700509805,5324.76675426802,23-7-16 22:59:8
44720,526.333574039234,5324.04421748695,23-7-16 23:14:7
44720,525.829092891846,5323.79294991217,23-7-16 23:29:6
44720,525.384730538018,5324.15609170769,23-7-16 23:44:6
44720,525.119039224109,5325.4239132377,23-7-17 0:1:6
44720,525.474228104013,5326.76527649332,23-7-17 0:52:4
44720,526.231634178559,5326.63931409339,23-7-17 1:9:4
44720,525.921080045092,5325.84140319997,23-7-17 2:0:2
44720,525.452795019055,5327.31592803026,23-7-17 2:34:1
44720,523.156976993583,5326.82247013711,23-7-17 2:51:3
44720,523.20368726364,5326.20955964719,23-7-17 3:8:3
44720,523.233685247135,5328.36164486859,23-7-17 4:16:0
44720,523.56330499138,5328.94163632922,23-7-17 4:32:58
44720,523.347830888376,5329.17661378874,23-7-17 4:49:59
44720,522.807342569961,5329.4513101168,23-7-17 5:6:59
44720,522.674785220059,5329.24549030911,23-7-17 5:23:59
44720,522.700971168849,5329.13611160604,23-7-17 5:41:1
44720,522.491071887397,5329.36491877372,23-7-17 5:57:57
44720,516.012245973453,5333.12332786455,23-7-17 6:14:58
44720,507.525508821552,5330.94813792435,23-7-17 6:31:59
44720,505.731545320289,5330.47568042988,23-7-17 7:5:54
44720,505.726618557638,5330.41687798563,23-7-17 9:28:2
44720,505.75667820245,5330.41979798783,23-7-17 9:41:40
44720,505.714315332957,5330.51667697816,23-7-17 9:56:47
44720,505.573594043861,5330.52698621388,23-7-17 10:41:54
44720,505.94920815767,5330.25216069863,23-7-17 11:11:54
44720,506.056630801084,5329.93049878428,23-7-17 11:26:40
44720,509.131296382468,5333.06674810375,23-7-17 11:43:42
44720,509.58768533981,5333.32991774461,23-7-17 12:0:38
44720,510.038710061686,5333.44750920858,23-7-17 12:17:47
44720,517.050087041904,5333.05796981297,23-7-17 12:34:42
44720,516.296344914433,5333.44524136641,23-7-17 12:52:59
44720,515.173558627203,5333.4329274533,23-7-17 13:9:59
44720,514.581766585647,5333.37470204203,23-7-17 13:27:1
44720,514.171782422579,5333.23762473948,23-7-17 13:44:3
44720,513.996730990761,5332.92130722647,23-7-17 14:1:6
44720,514.217181221507,5332.71700254378,23-7-17 14:18:13
44720,515.379399810535,5332.7506857645,23-7-17 14:35:25
44720,515.94946815311,5333.17772693613,23-7-17 14:52:17
44720,516.242507263088,5333.80876999969,23-7-17 15:9:15
44720,515.563933618338,5334.50345845794,23-7-17 15:26:13
44720,514.646601560027,5334.95030246208,23-7-17 15:43:15
44720,513.710896829252,5334.74780148812,23-7-17 16:0:13
44720,515.169809980056,5333.75269483135,23-7-17 16:17:13
44720,521.429731519272,5330.73843823035,23-7-17 17:25:10
44720,520.807419551751,5331.64612584937,23-7-17 17:42:18
44720,520.57302384569,5332.36175066406,23-7-17 17:59:13
44720,520.284202715391,5332.89924109681,23-7-17 18:16:11
44720,520.038205531188,5333.37165098587,23-7-17 18:33:20
44720,519.747253998667,5333.65062616225,23-7-17 18:50:10
44720,519.637006413357,5333.81074730959,23-7-17 19:7:10
44720,519.662153546758,5333.76448411722,23-7-17 19:22:10
44720,520.0560069782,5333.53399247766,23-7-17 19:37:9
44720,520.974263698293,5332.93285129695,23-7-17 19:54:11
44720,521.899176980099,5332.31465399649,23-7-17 20:11:9
44720,523.330279647971,5330.76231782743,23-7-17 20:45:10
44720,524.353977916667,5329.73666424709,23-7-17 21:2:7
44720,525.675404673107,5328.54757251411,23-7-17 21:19:9
44720,526.304205192065,5327.18150194202,23-7-17 21:36:9
44720,526.391191838469,5325.96370042199,23-7-17 21:53:7
44720,526.071034647604,5324.84985149815,23-7-17 22:10:9
44720,525.455034183786,5324.11027629904,23-7-17 22:27:7
44720,525.184911365012,5324.11019564345,23-7-17 22:44:9
44720,524.99648228589,5324.39024543707,23-7-17 23:1:9
44720,524.823425799476,5325.14997681452,23-7-17 23:18:8
44720,525.387759497922,5326.06320560846,23-7-17 23:35:9
44720,526.419164913615,5325.87290882847,23-7-17 23:52:9
44720,526.490906578532,5324.7229530907,23-7-18 0:9:6
44720,525.981870460389,5324.3408274876,23-7-18 0:26:6
44720,525.496711008715,5324.92396279959,23-7-18 0:43:6
44720,525.751829214033,5325.70248173042,23-7-18 1:0:6
44720,526.277242253347,5325.85147169701,23-7-18 1:17:7
44720,526.178897566079,5325.15856021649,23-7-18 1:51:5
44720,523.639012902843,5323.71993180058,23-7-18 2:8:21
44720,524.344881094979,5326.34144672459,23-7-18 3:33:2
44720,524.697931254831,5328.10345550177,23-7-18 3:50:4
44720,524.718507692255,5329.68354019196,23-7-18 4:7:1
44720,524.506504467697,5330.91106025888,23-7-18 4:24:1
44720,524.241277838064,5331.78079339156,23-7-18 4:41:1
44720,523.726139521011,5332.73608381435,23-7-18 4:58:7
44720,522.845284148279,5333.50032569808,23-7-18 5:15:1
44720,521.877931075872,5334.31005372843,23-7-18 5:32:9
44720,520.726686212532,5335.09793403417,23-7-18 5:49:5
44720,514.821213107905,5333.93517771728,23-7-18 6:6:1
44720,507.799523591609,5331.23637961391,23-7-18 6:23:5
44720,507.378492081245,5331.05698331075,23-7-18 6:40:9
44720,506.982839401531,5330.97290329461,23-7-18 6:57:3
44720,506.697271392547,5330.91020775553,23-7-18 7:14:2
44720,505.742888196741,5330.44345875297,23-7-18 9:29:19
44720,505.678351687695,5330.46495717944,23-7-18 10:14:11
44720,505.553378018002,5330.50251391606,23-7-18 10:29:14
44720,505.876367113496,5330.31421743554,23-7-18 10:44:5
44720,505.667194520552,5330.38514156341,23-7-18 11:14:9
44720,516.193805176357,5333.22743034375,23-7-18 11:31:5
44720,516.735457115984,5333.41649878462,23-7-18 11:48:3
44720,517.287961341226,5333.37434888775,23-7-18 12:6:1
44720,517.744666498765,5333.55191980765,23-7-18 12:23:1
44720,517.610738809498,5333.64298220687,23-7-18 12:40:1
44720,517.410553643801,5333.44018790681,23-7-18 12:56:58
44720,516.716320737125,5333.3477523247,23-7-18 13:13:56
44720,516.106319885478,5333.18116743019,23-7-18 13:30:58
44720,515.624942837571,5333.10258346986,23-7-18 13:48:5
44720,520.241444395739,5331.78158855803,23-7-18 14:5:1
44720,521.636061233222,5329.89369831013,23-7-18 14:21:57
44720,520.357561918249,5330.34194501198,23-7-18 14:38:56
44720,519.425649225542,5330.9620339797,23-7-18 14:55:57
44720,518.893327953225,5331.71151231417,23-7-18 15:12:56
44720,518.517796351214,5332.83111839739,23-7-18 15:29:58
44720,517.102765385305,5334.09659926154,23-7-18 15:46:56
44720,515.206836426484,5335.12649259615,23-7-18 16:3:58
44720,513.483584329553,5335.56943526115,23-7-18 16:20:56
44720,512.359706379435,5335.80686700364,23-7-18 16:37:59
44720,511.526178096763,5335.84324976944,23-7-18 16:55:7
44720,510.854298475761,5335.67398734889,23-7-18 17:11:57
44720,510.48906391975,5335.25860657611,23-7-18 17:28:59
44720,510.534528591505,5334.91568290533,23-7-18 17:45:59
44720,515.896228321968,5332.90492891692,23-7-18 18:2:55
44720,520.97154382246,5331.5843697914,23-7-18 18:36:58
44720,520.740361133808,5332.06391714672,23-7-18 18:53:54
44720,520.680986374834,5332.35480394239,23-7-18 19:10:58
44720,520.484647677488,5332.4041151845,23-7-18 19:27:54
44720,520.291660360346,5331.82389215625,23-7-18 19:44:55
44720,520.431577585104,5331.16260418073,23-7-18 20:1:55
44720,520.565583169498,5330.62289656494,23-7-18 20:18:53
44720,520.915761131759,5329.97093876251,23-7-18 20:35:57
44720,521.421168315567,5329.2678964367,23-7-18 20:50:54
44720,522.268531193137,5328.79118423757,23-7-18 21:7:57
44720,523.645173654082,5328.384446725,23-7-18 21:24:57
44720,524.889090364553,5327.33523767856,23-7-18 21:41:55
44720,524.90772307509,5326.13123545471,23-7-18 21:58:55
44720,524.237076882895,5325.87771947415,23-7-18 22:15:54
44720,524.500017382985,5326.17960714711,23-7-18 22:32:55
44720,524.956768522684,5326.42899590661,23-7-18 22:49:55
44720,525.403949639905,5326.17409339775,23-7-18 23:6:52
44720,525.567950749543,5325.58517425932,23-7-18 23:23:52
44720,525.232920467345,5325.42330169087,23-7-18 23:40:52
44720,525.247197419111,5326.13894464364,23-7-18 23:57:54
44720,525.927184984434,5326.07239962853,23-7-19 0:14:54
44720,526.310360404322,5325.41814018485,23-7-19 0:31:52
44720,526.047862939824,5325.13006508277,23-7-19 0:48:52
44720,523.99320212816,5321.89911844314,23-7-19 1:5:53
44720,524.014719196287,5321.42293693217,23-7-19 1:40:3
44720,524.095325789825,5322.55009917145,23-7-19 2:30:50
44720,524.203013243132,5323.7487365627,23-7-19 2:47:50
44720,524.30696960031,5325.25402336607,23-7-19 3:4:49
44720,524.743804438476,5326.91001711155,23-7-19 3:21:49
44720,525.335639828393,5328.33487505337,23-7-19 3:38:52
44720,525.524892271094,5329.48244996341,23-7-19 3:55:50
44720,525.372073441247,5330.39431402718,23-7-19 4:12:48
44720,524.995123880411,5331.15336861807,23-7-19 4:29:52
44720,524.128858180461,5331.97649869429,23-7-19 4:46:49
44720,523.07996495548,5332.71821314295,23-7-19 5:3:50
44720,521.928647057646,5333.70870195597,23-7-19 5:20:52
44720,520.733751435687,5334.64635555196,23-7-19 5:37:50
44720,519.611612215445,5335.2083740009,23-7-19 5:54:51
44720,515.433130908271,5334.39462178725,23-7-19 6:11:47
44720,507.747671467452,5331.01212242697,23-7-19 6:28:47
44720,507.26998555155,5331.01838707222,23-7-19 6:45:49
44720,506.949600375418,5331.01765571822,23-7-19 7:2:54
44720,506.252590591926,5330.73409016972,23-7-19 7:19:48
44720,505.753079501072,5330.44658113982,23-7-19 10:37:18
44720,505.827464468506,5330.39997402791,23-7-19 11:7:34
44720,513.468528050581,5333.97584751354,23-7-19 11:24:26
44720,514.091478148326,5334.01358319772,23-7-19 11:41:19
44720,514.366037004868,5333.86588160486,23-7-19 11:58:16
44720,514.832827819131,5333.55718814456,23-7-19 12:15:20
44720,515.214550593706,5333.31655161887,23-7-19 12:32:28
44720,521.449707187611,5331.46409917223,23-7-19 12:49:33
44720,521.252006526699,5331.10868256401,23-7-19 13:6:36
44720,520.944547994359,5330.95105052518,23-7-19 13:23:40
44720,520.546640565623,5330.96639217694,23-7-19 13:40:41
44720,520.065057539292,5331.14330147522,23-7-19 13:57:42
44720,519.674778810084,5331.45494419582,23-7-19 14:12:45
44720,519.340869171806,5331.94008602269,23-7-19 14:27:43
44720,518.939621817073,5332.69467345584,23-7-19 14:44:43
44720,521.871286331076,5330.30762420046,23-7-19 15:1:43
44720,520.721508368049,5331.20955120178,23-7-19 15:18:43
44720,521.306948466525,5330.34050856029,23-7-19 15:35:43
44720,520.027652920738,5330.88219112867,23-7-19 15:52:42
44720,522.118505039937,5329.30266906626,23-7-19 16:9:41
44720,521.950393529673,5329.66592620023,23-7-19 16:26:42
44720,521.348939526798,5330.07535071477,23-7-19 16:43:41
44720,520.596227305556,5330.64723734424,23-7-19 16:59:45
44720,519.623969805579,5331.605044146,23-7-19 17:16:46
44720,518.888939195034,5332.61281081214,23-7-19 17:33:57
44720,519.117444651735,5333.39328615196,23-7-19 17:50:43
44720,520.503431613716,5331.37593515719,23-7-19 18:7:47
44720,519.881432215139,5331.78477261585,23-7-19 18:24:45
44720,519.45393821759,5332.46798612211,23-7-19 18:41:45
44720,519.287973838437,5332.93358674319,23-7-19 18:58:47
44720,520.642750984228,5331.6947689523,23-7-19 19:49:45
44720,520.65383701031,5331.63267619028,23-7-19 20:6:50
44720,520.953943063274,5331.27086280741,23-7-19 20:23:45
44720,521.210241158574,5330.83409884857,23-7-19 20:40:53
44720,521.402083664345,5330.37142953334,23-7-19 20:57:44
44720,521.959488932894,5329.95294953612,23-7-19 21:14:47
44720,522.566726618455,5329.45013471526,23-7-19 21:31:47
44720,523.395224137103,5328.94428189886,23-7-19 21:48:44
44720,524.328622666655,5327.96104888294,23-7-19 22:5:47
44720,525.078007279215,5326.97182376396,23-7-19 22:22:45
44720,524.830394605604,5325.87992465217,23-7-19 22:39:43
44720,524.224849166302,5326.0749578509,23-7-19 22:56:43
44720,524.587763969933,5326.69538281896,23-7-19 23:13:43
44720,525.406518321869,5326.50188484901,23-7-19 23:30:44
44720,525.52837752837,5325.92555996637,23-7-19 23:47:42
44720,525.338193735488,5325.75265700371,23-7-20 0:4:43
44720,525.443831037045,5325.96364189746,23-7-20 0:21:43
44720,525.947097127739,5325.88509150182,23-7-20 0:38:42
44720,526.109082466665,5325.34397275458,23-7-20 0:55:42
44720,525.81551959971,5325.36854159806,23-7-20 1:12:44
44720,526.119076793316,5325.34090607805,23-7-20 1:29:42
44720,526.308702541899,5324.70788737836,23-7-20 1:46:42
44720,525.833272385068,5324.70116937272,23-7-20 2:3:42
44720,525.63799175478,5325.39464336497,23-7-20 2:20:42
44720,525.654360574508,5326.16409344783,23-7-20 2:37:41
44720,525.805738151588,5326.68117403076,23-7-20 2:54:43
44720,523.944854893823,5322.12677119862,23-7-20 3:11:52
44720,524.772829863912,5320.26932398417,23-7-20 3:28:42
44720,524.036440474363,5324.77738719245,23-7-20 4:19:48
44720,524.294727516979,5326.35023707417,23-7-20 4:36:43
44720,524.32478471834,5328.23379397982,23-7-20 4:53:43
44720,524.075322343206,5329.86442000741,23-7-20 5:10:47
44720,523.2527585673,5331.12535197691,23-7-20 5:27:44
44720,522.361118450848,5331.48070289751,23-7-20 5:44:43
44720,521.5469925771,5331.96608432812,23-7-20 6:1:43
44720,514.263453020508,5333.40090880461,23-7-20 6:18:38
44720,505.762559361814,5330.49116119169,23-7-20 6:35:42
44720,505.754339476075,5330.45158408496,23-7-20 9:57:59
44720,505.753074698795,5330.45136051714,23-7-20 10:58:6
44720,512.733948723442,5333.86979549523,23-7-20 11:27:50
44720,515.547265284284,5334.42571943235,23-7-20 11:44:54
44720,516.574240665863,5334.0745915789,23-7-20 12:2:26
44720,517.807681205899,5333.80787145019,23-7-20 12:19:42
44720,518.631017583216,5333.46692967258,23-7-20 12:36:34
44720,519.347590390097,5333.12040874533,23-7-20 12:53:32
44720,519.828042227161,5332.80772169907,23-7-20 13:10:28
44720,520.199918087317,5332.56515955024,23-7-20 13:27:30
44720,520.455119789288,5332.42379424321,23-7-20 13:44:30
44720,520.516028533439,5332.28262958148,23-7-20 14:1:30
44720,520.351994652811,5332.15866744925,23-7-20 14:18:30
44720,519.782232921887,5332.18078899958,23-7-20 14:35:30
44720,519.310953523045,5332.62622373317,23-7-20 14:52:37
44720,518.671412948577,5333.39536969583,23-7-20 15:9:29
44720,521.830528727476,5329.09138043704,23-7-20 15:26:31
44720,520.883057233141,5328.89833815429,23-7-20 15:43:32
44720,520.81623895743,5328.85107877718,23-7-20 16:0:32
44720,520.980135810576,5328.87323966609,23-7-20 16:17:32
44720,521.081472711715,5328.70255279796,23-7-20 16:34:32
44720,521.432656177422,5328.82334151386,23-7-20 16:51:33
44720,521.617903650756,5328.74967859925,23-7-20 17:8:33
44720,521.963692226158,5328.93439059029,23-7-20 17:25:33
44720,522.148430359524,5329.08959978092,23-7-20 17:42:33
44720,522.426830555737,5329.21550404264,23-7-20 17:59:33
44720,522.52911536036,5329.24858343718,23-7-20 18:16:31
44720,522.716981276536,5329.17174297171,23-7-20 18:33:33
44720,522.279898857351,5329.86804611987,23-7-20 18:50:31
44720,520.44678546136,5332.17478863742,23-7-20 19:24:32
44720,519.949361145944,5332.82870616771,23-7-20 19:41:33
44720,519.39564098417,5333.14168993996,23-7-20 19:58:30
44720,519.157799782323,5333.20246556732,23-7-20 20:15:38
44720,519.024390955547,5332.94926551895,23-7-20 20:32:30
44720,519.05909734684,5332.53379182032,23-7-20 20:49:30
44720,519.005111216636,5332.01320916426,23-7-20 21:6:29
44720,518.997511238288,5331.68062413113,23-7-20 21:23:30
44720,519.146646827996,5331.44503927179,23-7-20 21:40:30
44720,519.383267361471,5331.26088269769,23-7-20 21:57:28
44720,519.442066413901,5330.96987018086,23-7-20 22:14:30
44720,519.591454423306,5330.82343974576,23-7-20 22:31:39
44720,519.718867381361,5330.59979968707,23-7-20 22:48:27
44720,519.859085293172,5330.18425170456,23-7-20 23:5:27
44720,520.07725875874,5329.97649608557,23-7-20 23:22:28
44720,520.348770406216,5329.54908441933,23-7-20 23:39:29
44720,520.633293758973,5329.36392706562,23-7-20 23:56:28
44720,521.232125092091,5328.66398458108,23-7-21 0:13:35
44720,521.137450035486,5328.29862006023,23-7-21 0:30:27
44720,520.874747348656,5328.21685140477,23-7-21 0:47:27
44720,520.147680836849,5328.5950458027,23-7-21 1:4:42
44720,520.120568040472,5329.44768797797,23-7-21 1:21:25
44720,519.803684737854,5330.34489313792,23-7-21 1:38:33
44720,518.319236386055,5332.7954670083,23-7-21 2:29:23
44720,518.174914939466,5333.24649712848,23-7-21 2:46:21
44720,518.236884010982,5333.68551400448,23-7-21 3:3:31
44720,518.3406655549,5333.99951097187,23-7-21 3:20:24
44720,516.767263960526,5334.33835703756,23-7-21 3:37:24
44720,516.65362970047,5334.39248841386,23-7-21 3:54:25
44720,515.212660604094,5334.58620892317,23-7-21 4:11:20
44720,511.538954784474,5333.96929486431,23-7-21 4:28:28
44720,511.328531991282,5333.53894874159,23-7-21 4:45:23
44720,511.025192545798,5333.14055304766,23-7-21 5:2:24
44720,510.720143769118,5332.79818976598,23-7-21 5:19:23
44720,510.387964377448,5332.38354689108,23-7-21 5:36:24
44720,509.960981929367,5331.82859919872,23-7-21 5:53:29
44720,509.470932791566,5331.52277493147,23-7-21 6:10:26
44720,508.930317619946,5331.11821377647,23-7-21 6:27:19
44720,508.541396384254,5330.87887298021,23-7-21 6:44:18
44720,505.748313570721,5330.45013310253,23-7-21 10:13:10
44720,505.761259773707,5330.45159104413,23-7-21 10:28:10
44720,505.751377518158,5330.43713181418,23-7-21 10:58:26
44720,505.719912349876,5330.42598545238,23-7-21 11:13:20
44720,509.768535015705,5332.6066433817,23-7-21 11:30:14
44720,510.184651298365,5332.68361716164,23-7-21 11:47:12
44720,516.305044771516,5332.63687522646,23-7-21 12:4:12
44720,523.726814380327,5323.49421747019,23-7-21 12:21:12
44720,523.896842563436,5323.33075621601,23-7-21 12:38:14
44720,523.873658261476,5323.22640214361,23-7-21 12:55:11
44720,524.000309008034,5323.3005109361,23-7-21 13:12:10
44720,524.073417855391,5323.43830828246,23-7-21 13:29:11
44720,524.109140159032,5323.57194805197,23-7-21 13:46:9
44720,523.954687633957,5323.64521518227,23-7-21 14:3:32
44720,523.857435012678,5323.72350339764,23-7-21 14:21:1
44720,523.972970473898,5323.88770728685,23-7-21 14:38:22
44720,520.870000280754,5329.41758066774,23-7-21 14:55:21
44720,520.490573353737,5329.41765561936,23-7-21 15:12:28
44720,520.22796340615,5329.57455428503,23-7-21 15:29:40
44720,519.945149989208,5329.98070271068,23-7-21 15:46:49
44720,519.553488391598,5330.52365082831,23-7-21 16:3:49
44720,518.989844119161,5331.48008477647,23-7-21 16:23:37
44720,520.164960025428,5330.89612223031,23-7-21 16:40:59
44720,522.476134914601,5328.78999430746,23-7-21 17:2:49
44720,520.987437197882,5331.26731757051,23-7-21 17:22:9
44720,522.317509739905,5329.57431273416,23-7-21 17:40:41
44720,522.291526473877,5330.22666050907,23-7-21 17:57:35
44720,522.438606894915,5330.23701616476,23-7-21 18:14:33
44720,521.200018848072,5331.28377306475,23-7-21 18:31:31
44720,520.819701379119,5329.29102068488,23-7-21 19:3:6
44720,521.175494482851,5329.66645427547,23-7-21 19:19:59
44720,521.423885841357,5330.0734076271,23-7-21 19:39:31
44720,521.050386274967,5331.7718356252,23-7-21 20:26:15
44720,520.890741688053,5331.91196644056,23-7-21 20:43:37
44720,520.97104249398,5331.84301373123,23-7-21 21:2:42
44720,520.998506872882,5331.59625053424,23-7-21 21:19:42
44720,521.105165274293,5330.95830939761,23-7-21 21:45:46
44720,521.472589492464,5330.12382969679,23-7-21 22:12:53
44720,521.95473407724,5329.32960408005,23-7-21 22:33:14
44720,522.868413230351,5328.69529125754,23-7-21 22:54:15
44720,523.915006906837,5327.870388023,23-7-21 23:14:56
44720,524.373939224613,5326.4252657013,23-7-21 23:36:57
44720,524.054704990197,5325.80370412403,23-7-21 23:53:58
44720,523.817816936943,5325.96176983279,23-7-22 0:11:0
44720,523.607267549241,5326.8520942504,23-7-22 0:35:1
44720,524.174286316991,5322.75105463979,23-7-22 1:37:45
44720,524.181067628397,5324.11232342553,23-7-22 2:13:46
44720,527.003217376928,5326.83074002655,23-7-22 4:6:52
44720,516.165517516234,5332.94658650081,23-7-22 6:10:49
45653,506.447398369852,5329.93481559875,23-7-13 7:16:0
45653,506.518736529443,5329.69903958328,23-7-13 7:31:1
45653,506.482694939477,5329.45502816131,23-7-13 7:46:4
45653,506.396926198618,5329.3497854682,23-7-13 8:3:1
45653,506.249843061123,5329.16067109305,23-7-13 8:20:3
45653,505.909836553542,5330.18620893391,23-7-13 8:37:19
45653,505.705105553277,5330.42474804708,23-7-13 8:54:4
45653,505.701332779249,5330.4024034579,23-7-13 9:11:3
45653,505.714265679888,5330.41731023776,23-7-13 9:26:3
45653,505.706896651716,5330.41952585649,23-7-13 9:41:3
45653,505.709418908871,5330.42730876014,23-7-13 9:56:3
45653,506.191472829049,5329.72824187732,23-7-13 10:13:3
45653,505.726103785442,5330.41076430798,23-7-13 10:30:4
45653,505.712543441554,5330.42808991556,23-7-13 10:47:5
45653,505.720823619312,5330.4076468743,23-7-13 11:4:6
45653,508.207094349697,5332.3792253066,23-7-13 11:21:9
45653,507.774602000062,5332.43897516677,23-7-13 11:38:10
45653,507.433860691016,5332.42240576271,23-7-13 11:55:9
45653,507.137013344965,5332.39957575084,23-7-13 12:12:11
45653,516.876169510978,5332.73689863454,23-7-13 12:29:12
45653,515.920710907719,5334.61081102091,23-7-13 13:3:13
45653,514.676737924439,5335.57848737702,23-7-13 13:20:14
45653,513.291846577649,5336.43250925302,23-7-13 13:37:15
45653,511.990950021285,5336.91324462712,23-7-13 13:54:18
45653,511.156634001864,5337.32280921175,23-7-13 14:11:27
45653,510.175997001922,5337.54383388284,23-7-13 14:28:27
45653,508.994815190861,5337.55430079398,23-7-13 14:45:29
45653,508.021953670414,5337.5666344356,23-7-13 15:2:26
45653,507.341837275903,5337.52370529987,23-7-13 15:19:18
45653,506.775999600119,5337.43186339663,23-7-13 15:36:19
45653,506.287315212421,5337.2500196156,23-7-13 15:53:21
45653,505.964994532102,5337.0881736321,23-7-13 16:10:20
45653,505.818593039507,5336.92263210494,23-7-13 16:27:19
45653,505.818398974483,5336.74823827726,23-7-13 16:44:20
45653,505.922107975596,5336.44335058092,23-7-13 17:1:25
45653,506.034798117796,5336.16192689787,23-7-13 17:18:24
45653,506.136249332275,5336.04177124292,23-7-13 17:35:33
45653,506.232639608767,5335.7944569854,23-7-13 17:52:37
45653,506.280736662469,5335.52608394522,23-7-13 18:9:35
45653,506.430335323225,5335.38086695409,23-7-13 18:26:25
45653,506.558092593264,5335.16227027241,23-7-13 18:43:28
45653,506.650769067241,5334.93996766129,23-7-13 19:0:27
45653,506.907293363671,5334.6284982353,23-7-13 19:17:25
45653,507.237777178199,5334.42183605225,23-7-13 19:34:27
45653,507.641046436856,5334.35633806506,23-7-13 19:51:27
45653,508.079115157852,5334.35149387014,23-7-13 20:8:28
45653,508.486340171456,5334.2861722022,23-7-13 20:25:29
45653,508.84951299638,5334.19780328873,23-7-13 20:42:32
45653,509.135070335565,5334.14990238169,23-7-13 20:59:35
45653,509.394708663652,5334.03884032783,23-7-13 21:16:34
45653,509.609499764897,5333.89192447894,23-7-13 21:33:43
45653,509.750597724884,5333.79112865832,23-7-13 21:50:44
45653,509.883486952155,5333.70943978934,23-7-13 22:7:49
45653,510.022798186906,5333.69990108006,23-7-13 22:24:50
45653,510.421200538359,5333.65748718152,23-7-13 22:41:38
45653,510.755271845907,5333.69745242381,23-7-13 22:58:37
45653,511.076743139017,5333.63615580393,23-7-13 23:15:38
45653,511.331660229045,5333.53662080358,23-7-13 23:32:39
45653,511.53948720489,5333.44733883907,23-7-13 23:49:40
45653,511.496485737883,5333.56518161697,23-7-14 0:6:44
45653,511.260680584894,5332.11510564158,23-7-14 0:57:45
45653,511.55751412624,5332.51272185454,23-7-14 1:14:44
45653,510.649284212758,5332.06469624489,23-7-14 1:31:45
45653,510.280228877699,5331.98232692407,23-7-14 1:48:46
45653,510.051116061631,5332.01604265835,23-7-14 2:5:46
45653,509.746374845974,5331.94782588097,23-7-14 2:22:47
45653,509.353267343467,5331.86714273908,23-7-14 2:39:50
45653,509.147463691148,5331.97951501113,23-7-14 2:56:49
45653,508.816023923974,5331.80104559013,23-7-14 3:13:50
45653,508.534731707427,5331.90532135918,23-7-14 3:30:53
45653,508.244066245751,5331.96502676553,23-7-14 3:48:2
45653,508.068049096423,5331.91575930085,23-7-14 4:4:55
45653,507.883972694938,5331.88226927726,23-7-14 4:21:58
45653,507.575105949897,5331.70268036873,23-7-14 4:39:1
45653,507.377609676286,5331.51069089333,23-7-14 4:55:55
45653,507.573831709105,5331.14760224114,23-7-14 5:12:59
45653,507.730399106765,5330.79947183726,23-7-14 5:30:6
45653,507.743661222156,5330.45637423235,23-7-14 5:47:7
45653,507.7143756475,5330.37686352461,23-7-14 6:4:1
45653,507.677053403504,5330.24121222076,23-7-14 6:21:1
45653,506.197967081245,5329.71013172741,23-7-14 6:37:55
45653,506.315412185765,5329.36547806073,23-7-14 6:55:0
45653,506.43254582652,5329.31070117636,23-7-14 7:11:55
45653,506.39872592937,5329.13782779423,23-7-14 7:29:2
45653,505.6679824722,5330.41604160149,23-7-14 7:46:5
45653,505.763372840502,5330.42224998779,23-7-14 8:3:2
45653,505.714770368881,5330.43353841027,23-7-14 8:19:10
45653,505.745680921086,5330.40411501505,23-7-14 8:36:4
45653,505.743282331287,5330.42145176139,23-7-14 8:53:4
45653,505.746981632616,5330.44268482125,23-7-14 9:10:3
45653,505.707790484745,5330.41863756013,23-7-14 9:27:5
45653,505.703181133493,5330.4144093273,23-7-14 9:44:5
45653,505.720585168469,5330.4228739689,23-7-14 10:1:6
45653,505.713596856968,5330.41642038299,23-7-14 10:18:7
45653,505.732120836005,5330.42110713124,23-7-14 10:35:8
45653,505.730105032601,5330.42777401854,23-7-14 10:52:3
45653,505.724590979674,5330.4353265953,23-7-14 11:9:4
45653,507.8082132605,5332.88328306206,23-7-14 11:26:10
45653,507.449776367229,5333.11021582746,23-7-14 11:43:6
45653,509.006965572075,5334.51215688671,23-7-14 12:0:6
45653,522.65124664046,5335.50804529508,23-7-14 12:17:7
45653,521.352418976344,5328.46302899601,23-7-14 12:51:10
45653,520.459217919986,5327.27658710498,23-7-14 13:25:11
45653,521.158428145225,5328.52421947676,23-7-14 13:59:20
45653,521.19162165805,5328.82766881396,23-7-14 14:16:22
45653,521.450415102364,5329.03036827039,23-7-14 14:33:13
45653,521.720158054205,5329.18677175821,23-7-14 14:50:25
45653,519.987826205848,5335.54946370919,23-7-14 15:7:13
45653,521.67830073164,5334.43822800133,23-7-14 15:58:11
45653,518.895894027107,5338.78634534145,23-7-14 16:49:11
45653,518.618607697748,5338.66683662674,23-7-14 17:6:13
45653,518.419674819933,5338.55648570102,23-7-14 17:23:13
45653,518.397650070299,5338.19661975849,23-7-14 17:40:11
45653,518.369215207863,5337.72613862382,23-7-14 17:57:13
45653,518.645635235642,5337.42081418654,23-7-14 18:12:15
45653,519.144366626217,5337.10168293029,23-7-14 18:29:21
45653,516.180215717138,5342.5337942619,23-7-14 18:46:13
45653,517.776793891251,5346.98117265798,23-7-14 19:3:13
45653,517.702023830318,5347.04596381513,23-7-14 19:20:11
45653,517.878132208569,5347.00983364532,23-7-14 19:37:12
45653,517.977386762312,5346.94612238429,23-7-14 19:54:11
45653,518.117040413656,5346.98880270983,23-7-14 20:11:13
45653,518.256789342955,5347.02426188391,23-7-14 20:28:13
45653,518.300039454572,5347.1187689411,23-7-14 20:45:15
45653,518.146865123261,5347.22253966528,23-7-14 21:2:15
45653,517.867555447259,5347.35392774375,23-7-14 21:19:23
45653,517.685560526513,5347.16273362494,23-7-14 21:36:19
45653,517.687897283446,5346.95977699373,23-7-14 21:53:13
45653,517.869855730444,5346.76260524022,23-7-14 22:10:10
45653,518.066765579765,5346.48768019592,23-7-14 22:27:9
45653,518.194416634339,5346.24910940605,23-7-14 22:42:11
45653,516.935004392188,5345.53896740896,23-7-14 23:16:11
45653,516.89809173496,5345.37290816355,23-7-14 23:33:9
45653,516.900075240392,5345.25464853619,23-7-14 23:50:9
45653,516.92078751569,5345.17801526741,23-7-15 0:7:10
45653,516.1767550988,5344.56463189895,23-7-15 0:41:9
45653,511.66347646778,5343.70319304217,23-7-15 0:58:11
45653,508.967849824146,5344.44680658649,23-7-15 1:15:11
45653,508.740645153097,5344.87382942458,23-7-15 1:32:9
45653,509.169682606247,5346.61357601616,23-7-15 2:6:11
45653,509.111356800118,5346.38362137143,23-7-15 2:23:10
45653,508.99693867207,5346.66198488244,23-7-15 2:40:10
45653,508.717850907426,5346.09145571383,23-7-15 2:57:12
45653,508.627124075962,5345.92447955746,23-7-15 3:14:13
45653,508.621555050051,5345.87756530042,23-7-15 3:31:14
45653,508.667824455171,5345.8052760411,23-7-15 3:48:18
45653,508.71024801745,5345.72508954542,23-7-15 4:5:17
45653,509.027595353665,5345.62432471275,23-7-15 4:22:14
45653,509.282812601573,5345.40076505379,23-7-15 4:39:15
45653,509.486688051063,5345.04419436327,23-7-15 4:56:16
45653,509.680899140221,5344.58024271659,23-7-15 5:13:26
45653,509.653289994593,5344.18349782385,23-7-15 5:30:21
45653,509.581785363515,5343.79657182014,23-7-15 5:47:19
45653,509.477829859809,5343.49695753207,23-7-15 6:4:18
45653,509.238138924262,5343.10709165985,23-7-15 6:21:14
45653,509.062234989333,5342.83415660393,23-7-15 6:38:10
45653,509.066108561658,5336.08890487563,23-7-15 6:55:12
45653,508.232272165086,5333.54376920208,23-7-15 7:12:12
45653,506.2255985634,5329.82764547249,23-7-15 7:29:10
45653,506.537529538706,5329.73029368393,23-7-15 7:46:11
45653,506.888394434642,5329.50896405831,23-7-15 8:3:7
45653,506.12489331466,5329.7720738681,23-7-15 8:20:5
45653,505.725884661052,5330.40665159752,23-7-15 8:36:30
45653,505.720149799462,5330.41175869241,23-7-15 8:53:25
45653,505.705039447171,5330.41641185006,23-7-15 9:10:21
45653,505.711162427725,5330.39518860735,23-7-15 9:27:23
45653,505.704203878149,5329.31281936749,23-7-15 9:44:30
45653,505.714782239098,5330.42164554151,23-7-15 9:59:21
45653,505.72699717813,5330.41032060784,23-7-15 10:14:21
45653,505.720427460407,5330.4317656847,23-7-15 10:29:21
45653,505.722899500289,5330.41531818937,23-7-15 10:44:22
45653,505.74744562491,5330.35109899494,23-7-15 10:59:25
45653,507.868453546099,5334.29462519579,23-7-15 11:16:17
45653,507.528145645648,5334.25893280158,23-7-15 11:33:15
45653,509.676967360419,5338.93067414378,23-7-15 11:50:15
45653,517.085308177749,5345.01389032803,23-7-15 12:24:31
45653,517.024331422917,5345.42463603244,23-7-15 12:41:24
45653,516.965689605014,5345.72701647395,23-7-15 12:58:17
45653,516.808524734776,5345.99687207036,23-7-15 13:15:19
45653,516.619297785588,5346.27341868672,23-7-15 13:32:17
45653,516.519692209953,5345.41003489633,23-7-15 13:49:17
45653,517.114491033443,5342.78372165359,23-7-15 14:6:19
45653,516.609444259722,5342.752328795,23-7-15 14:40:19
45653,516.197397470873,5342.57596934747,23-7-15 14:57:23
45653,515.865953688503,5342.37830014337,23-7-15 15:14:19
45653,515.469011932612,5342.11767201477,23-7-15 15:31:23
45653,515.119810005639,5341.93200274844,23-7-15 15:48:17
45653,514.771066659085,5341.70389653931,23-7-15 16:5:15
45653,518.706853716427,5349.21931652036,23-7-15 16:39:26
45653,516.638047085647,5344.68055702229,23-7-15 16:56:25
45653,516.433061429281,5344.54113398678,23-7-15 17:13:19
45653,516.191208579137,5344.41528521381,23-7-15 17:30:17
45653,516.160932791177,5344.20212179208,23-7-15 17:47:26
45653,516.075085911449,5343.66079372636,23-7-15 18:4:19
45653,515.97261336256,5343.16443719195,23-7-15 18:19:28
45653,515.840594483942,5342.73935993168,23-7-15 18:34:17
45653,515.799319201195,5342.17304131419,23-7-15 18:49:16
45653,515.66636048248,5341.42785139059,23-7-15 19:4:15
45653,515.485096079058,5340.56893818862,23-7-15 19:19:23
45653,515.576264627575,5339.74278037201,23-7-15 19:36:17
45653,516.243037017177,5338.90567322002,23-7-15 19:53:19
45653,517.5429854989,5338.10023081784,23-7-15 20:10:15
45653,518.815853878323,5337.0985909385,23-7-15 20:25:17
45653,519.83839538797,5336.254526391,23-7-15 20:40:15
45653,520.854176148728,5335.2882426577,23-7-15 20:55:19
45653,521.97867718584,5333.92719333478,23-7-15 21:10:17
45653,523.148793442137,5332.08726866841,23-7-15 21:25:19
45653,524.496578269904,5330.23978189167,23-7-15 21:40:19
45653,526.108555057183,5328.22263782934,23-7-15 21:57:19
45653,527.218851473863,5326.09472504852,23-7-15 22:14:16
45653,527.659760396193,5324.61898795709,23-7-15 22:31:16
45653,521.485854436367,5329.32538072469,23-7-15 22:48:24
45653,521.571225836223,5328.98869628758,23-7-15 23:5:16
45653,521.230177671488,5329.08901273988,23-7-15 23:39:16
45653,520.988449466387,5328.87949448581,23-7-16 0:13:15
45653,521.186658562615,5328.09651009711,23-7-16 0:47:18
45653,520.571569306022,5327.89886852717,23-7-16 1:4:15
45653,511.922305280573,5332.61739474352,23-7-16 5:1:0
45653,511.991399788612,5332.58586162834,23-7-16 5:18:3
45653,512.143497471004,5332.59462974252,23-7-16 5:35:0
45653,512.357922167678,5332.64088229682,23-7-16 5:52:7
45653,512.474516915272,5332.5905624361,23-7-16 6:9:7
45653,512.847712455104,5332.52047505531,23-7-16 6:26:9
45653,513.228547242297,5332.49633426466,23-7-16 6:43:6
45653,512.471832558136,5332.86654003293,23-7-16 7:0:0
45653,510.727217581402,5332.47675995849,23-7-16 7:16:58
45653,510.966507045009,5332.3653976399,23-7-16 7:34:5
45653,511.164164354695,5332.24573891388,23-7-16 7:51:0
45653,505.681699990359,5330.46518279793,23-7-16 8:8:14
45653,505.734317968946,5330.23337968361,23-7-16 8:25:0
45653,505.71154258409,5330.38707515259,23-7-16 8:41:24
45653,505.750653715434,5330.41690207508,23-7-16 8:58:12
45653,505.701392029034,5330.41763084953,23-7-16 9:15:14
45653,505.708687310137,5330.41474825971,23-7-16 9:30:12
45653,505.753629001984,5330.49215254646,23-7-16 9:45:14
45653,505.7120245527,5330.42608872639,23-7-16 10:0:14
45653,505.724010906421,5330.42009868221,23-7-16 10:15:12
45653,505.721940138135,5330.40731454473,23-7-16 10:30:12
45653,505.713141732845,5330.42508950526,23-7-16 10:45:12
45653,505.720953120256,5330.42698682795,23-7-16 11:0:14
45653,507.759721483366,5331.39893600453,23-7-16 11:15:6
45653,508.368527412148,5332.42091765227,23-7-16 11:32:6
45653,508.69570118869,5332.5041002806,23-7-16 11:49:8
45653,508.764149080266,5332.73817321965,23-7-16 12:6:8
45653,511.641952296015,5331.59324608338,23-7-16 12:23:18
45653,511.528489157646,5331.2643491305,23-7-16 12:40:15
45653,511.284815952542,5331.04189934116,23-7-16 13:14:8
45653,511.474142752292,5331.31803598771,23-7-16 13:31:10
45653,511.614180572519,5331.56718081254,23-7-16 13:48:8
45653,511.822899056132,5331.8033550934,23-7-16 14:5:7
45653,512.12371530398,5331.96070453819,23-7-16 14:22:10
45653,512.402082028246,5332.03421479794,23-7-16 14:39:18
45653,512.777939839871,5332.153637774,23-7-16 14:56:8
45653,515.612439014066,5332.66951091812,23-7-16 15:13:10
45653,515.966800579633,5332.59046119954,23-7-16 15:30:16
45653,515.41784183675,5333.08701639617,23-7-16 16:4:10
45653,516.034431603862,5333.40771067447,23-7-16 16:21:10
45653,516.298136192841,5333.75624328092,23-7-16 16:38:6
45653,516.519665358686,5334.09721938441,23-7-16 16:55:7
45653,516.717795269069,5334.21728117804,23-7-16 17:10:9
45653,517.048129046547,5334.11410895934,23-7-16 17:27:8
45653,517.542056651565,5333.99467157798,23-7-16 17:44:8
45653,518.206346936129,5333.67630243095,23-7-16 18:1:7
45653,519.078411819177,5333.1215054275,23-7-16 18:18:8
45653,519.481087213025,5332.94924629008,23-7-16 18:35:7
45653,519.85569136869,5332.6637672864,23-7-16 18:52:22
45653,520.428655421961,5332.00210812375,23-7-16 19:9:6
45653,521.08304056129,5331.22798840983,23-7-16 19:26:6
45653,521.838282380311,5330.39563998758,23-7-16 19:41:5
45653,522.942646849112,5329.47063481799,23-7-16 19:58:4
45653,524.181381415433,5327.95798033821,23-7-16 20:15:8
45653,525.024472400941,5327.1762162726,23-7-16 20:32:6
45653,524.820689910503,5325.85087264322,23-7-16 20:49:4
45653,523.903843868243,5325.70881868411,23-7-16 21:6:13
45653,520.090317138757,5330.07257503085,23-7-16 21:23:7
45653,518.689081676317,5332.81333562785,23-7-16 21:57:4
45653,519.30922162636,5332.41203218567,23-7-16 22:14:3
45653,520.001520150079,5331.69582662546,23-7-16 22:31:4
45653,520.522569274743,5330.83170356705,23-7-16 22:48:6
45653,521.06070840529,5330.26012555466,23-7-16 23:5:2
45653,521.528029392707,5329.60941506592,23-7-16 23:22:4
45653,521.926323082051,5328.9937124283,23-7-16 23:39:3
45653,522.244814600959,5328.47720587844,23-7-17 0:13:17
45653,522.188718722945,5328.3730635995,23-7-17 0:30:4
45653,522.114024427026,5328.38099987151,23-7-17 0:47:6
45653,521.879556945669,5328.18103111071,23-7-17 1:4:17
45653,521.340179437581,5327.97181456128,23-7-17 1:21:2
45653,520.536141209238,5327.93808825381,23-7-17 1:38:2
45653,520.216228763839,5328.04898899609,23-7-17 1:55:1
45653,519.82829185933,5328.3093896123,23-7-17 2:12:0
45653,519.530084393188,5328.81087067545,23-7-17 2:29:1
45653,519.607265033404,5329.40022538163,23-7-17 2:46:2
45653,519.828226793469,5330.13423865479,23-7-17 3:3:6
45653,519.974596604718,5330.7979766633,23-7-17 3:20:4
45653,520.130736223427,5330.89511258719,23-7-17 3:37:5
45653,516.659828406888,5334.40884549844,23-7-17 3:54:1
45653,515.529730839811,5334.96786050958,23-7-17 4:11:4
45653,514.642082964001,5335.52426852061,23-7-17 4:28:1
45653,513.916669366287,5335.86635406342,23-7-17 4:45:9
45653,513.163321102558,5335.88424301629,23-7-17 5:2:3
45653,512.533225930979,5335.90683501259,23-7-17 5:19:3
45653,511.998928819694,5335.90968980363,23-7-17 5:36:4
45653,508.031078174707,5332.49712680401,23-7-17 5:52:59
45653,507.102603368822,5329.7959884034,23-7-17 6:10:1
45653,507.204059472483,5329.89759359684,23-7-17 6:27:9
45653,507.289265284979,5329.84234952473,23-7-17 6:43:59
45653,507.268878577837,5329.78030282108,23-7-17 7:1:2
45653,507.239756398533,5329.7990500052,23-7-17 7:18:2
45653,505.725724721409,5330.41776627904,23-7-17 7:35:0
45653,505.718722088759,5330.4256508182,23-7-17 7:51:21
45653,505.711975643309,5330.40052454231,23-7-17 8:8:23
45653,505.749921201189,5330.40534190424,23-7-17 8:25:23
45653,505.919539682716,5330.01405013628,23-7-17 8:42:19
45653,506.183231831414,5329.57206961526,23-7-17 8:59:23
45653,505.727292270365,5330.41287731654,23-7-17 9:16:19
45653,505.717530889409,5330.35173593579,23-7-17 9:33:21
45653,505.714556894812,5330.4237571365,23-7-17 9:50:19
45653,505.713220692144,5330.420532499,23-7-17 10:7:19
45653,505.723785780896,5330.42198798022,23-7-17 10:24:19
45653,505.715739389689,5330.43187215126,23-7-17 10:41:5
45653,505.720429459243,5330.42976501518,23-7-17 10:56:6
45653,505.707701447,5330.43330906233,23-7-17 11:11:6
45653,505.720213884885,5330.42209555905,23-7-17 11:26:7
45653,508.999891338372,5333.47890289374,23-7-17 11:43:6
45653,509.179831833939,5333.78273712138,23-7-17 12:0:7
45653,509.331477876267,5333.91447200041,23-7-17 12:17:8
45653,517.833935726057,5332.5665214747,23-7-17 12:51:9
45653,516.850120966078,5333.09539052948,23-7-17 13:25:8
45653,516.283256899105,5333.18333556526,23-7-17 13:42:37
45653,517.528252029034,5332.62637572794,23-7-17 13:59:46
45653,517.489486070383,5333.2384695828,23-7-17 14:16:53
45653,515.811494650359,5334.06698563368,23-7-17 14:33:51
45653,514.419503622637,5334.01495656888,23-7-17 14:50:50
45653,514.150590569531,5333.4158559734,23-7-17 15:7:53
45653,514.547604934424,5333.17932545985,23-7-17 15:24:51
45653,515.186290022909,5333.42784835962,23-7-17 15:41:53
45653,521.940946930343,5329.76170100744,23-7-17 15:58:50
45653,521.898445665073,5329.97739101321,23-7-17 16:15:53
45653,521.255865506158,5331.39190667881,23-7-17 16:32:50
45653,521.963491586127,5329.97652862399,23-7-17 16:49:57
45653,520.964048012406,5331.23399807267,23-7-17 17:23:51
45653,520.559756964653,5332.07904873626,23-7-17 17:41:0
45653,520.23753041295,5332.67788735628,23-7-17 17:57:53
45653,519.903839910229,5333.2133488509,23-7-17 18:14:53
45653,519.65452512512,5333.77690670754,23-7-17 18:31:53
45653,519.303727087888,5333.97400371393,23-7-17 18:48:51
45653,519.131582823552,5334.08046279535,23-7-17 19:5:49
45653,519.142774428009,5333.82507742634,23-7-17 19:22:51
45653,519.181055425421,5333.45374237352,23-7-17 19:39:49
45653,519.545757235632,5332.78707684672,23-7-17 19:56:53
45653,520.028625280204,5331.71003743347,23-7-17 20:14:0
45653,520.33054472873,5330.69952840909,23-7-17 20:31:4
45653,520.685964367791,5329.86506774833,23-7-17 20:47:51
45653,521.315711962381,5329.20548159843,23-7-17 21:4:49
45653,521.908944635505,5328.86682433591,23-7-17 21:21:55
45653,522.828664901212,5328.69513272768,23-7-17 21:38:59
45653,525.702682567554,5326.88022472736,23-7-17 22:12:46
45653,526.521496601411,5324.6799684591,23-7-17 22:29:44
45653,526.61975142007,5323.3304036123,23-7-17 22:46:46
45653,526.723233138675,5322.32387320303,23-7-17 23:3:55
45653,526.996543032532,5321.41061780406,23-7-17 23:20:43
45653,527.282288527498,5320.23556843756,23-7-17 23:37:45
45653,527.932610916583,5319.12120391966,23-7-17 23:54:47
45653,528.439567085475,5318.24461543656,23-7-18 0:11:45
45653,528.885765104292,5317.31874940498,23-7-18 0:28:43
45653,529.38671380774,5316.52357473556,23-7-18 0:45:45
45653,528.923290957326,5316.39740601125,23-7-18 1:2:42
45653,523.642137617215,5323.90178420805,23-7-18 1:19:43
45653,523.974120924973,5324.84237089148,23-7-18 2:10:42
45653,524.51290502596,5326.30048164505,23-7-18 2:27:42
45653,525.247913759379,5327.66681075521,23-7-18 2:44:44
45653,525.946277460141,5328.76331246364,23-7-18 3:1:42
45653,526.666954837669,5329.35727425389,23-7-18 3:18:42
45653,527.581648199171,5329.95092589802,23-7-18 3:35:42
45653,528.352977115452,5330.1548753085,23-7-18 3:52:41
45653,528.880572670301,5329.93943411871,23-7-18 4:26:50
45653,528.444260904208,5329.41117429501,23-7-18 5:0:41
45653,528.336717323856,5329.1845609714,23-7-18 5:17:42
45653,528.111473456409,5329.0210602313,23-7-18 5:34:53
45653,527.811424358591,5329.06916868841,23-7-18 5:51:40
45653,527.464769995639,5329.41561917505,23-7-18 6:8:40
45653,526.991052067772,5330.07593482264,23-7-18 6:25:44
45653,526.587869935789,5330.61657400173,23-7-18 6:42:37
45653,526.346746374279,5331.22111850628,23-7-18 6:59:39
45653,526.204473702135,5331.85758070947,23-7-18 7:16:36
45653,526.242698354344,5332.31502986272,23-7-18 7:33:44
45653,526.647137077067,5332.75027609129,23-7-18 7:50:38
45653,527.111953451197,5332.87806038921,23-7-18 8:7:36
45653,527.667389083574,5332.84303922523,23-7-18 8:24:37
45653,528.057724212356,5332.7273422321,23-7-18 8:41:41
45653,528.29065485183,5332.75094176636,23-7-18 8:58:40
45653,528.454127160858,5332.66616599516,23-7-18 9:15:33
45653,528.508686395506,5332.70400668274,23-7-18 9:32:33
45653,528.643766550423,5332.73435870803,23-7-18 9:49:34
45653,524.744673855715,5331.41248345579,23-7-18 10:6:31
45653,521.605623204548,5331.01775190601,23-7-18 10:23:32
45653,522.469722937255,5330.55680515203,23-7-18 10:40:33
45653,522.931749137448,5330.50061675823,23-7-18 10:57:35
45653,523.078114221395,5330.55722442107,23-7-18 11:14:36
45653,522.999669812404,5330.57924990694,23-7-18 11:31:33
45653,522.829178108487,5330.65748401824,23-7-18 11:48:33
45653,522.789800039909,5330.67989057464,23-7-18 12:5:38
45653,522.675655983677,5330.4352410087,23-7-18 12:22:37
45653,523.470031849508,5326.65335141188,23-7-18 12:39:28
45653,521.640862311257,5327.83445022404,23-7-18 12:56:40
45653,521.079846203625,5328.05210104195,23-7-18 13:13:29
45653,520.932907870127,5328.02766527508,23-7-18 13:30:29
45653,520.753053820684,5328.12926833687,23-7-18 13:47:40
45653,520.301677031259,5329.31316941888,23-7-18 14:4:28
45653,519.673855314862,5329.55817462837,23-7-18 14:21:30
45653,519.300618621061,5330.17567312972,23-7-18 14:38:28
45653,518.909609023641,5331.57996493223,23-7-18 15:12:33
45653,518.561466494612,5332.69110003995,23-7-18 15:29:32
45653,517.31733639856,5334.01399370702,23-7-18 15:46:25
45653,515.487157051105,5335.09367781484,23-7-18 16:3:38
45653,513.883477868611,5335.69710328787,23-7-18 16:20:34
45653,512.504677045162,5335.90766168181,23-7-18 16:37:25
45653,511.539142272364,5335.93953154862,23-7-18 16:54:30
45653,510.78557873127,5335.72698677889,23-7-18 17:11:33
45653,510.105623219753,5335.52211828029,23-7-18 17:28:21
45653,509.586737266254,5335.31481997592,23-7-18 17:45:29
45653,509.231440709347,5335.07437478317,23-7-18 18:2:18
45653,509.060391253146,5334.91193423151,23-7-18 18:19:20
45653,509.011086688076,5334.77536492733,23-7-18 18:36:18
45653,508.953288781661,5334.6953577746,23-7-18 18:53:18
45653,509.091010638053,5334.64044502158,23-7-18 19:10:17
45653,509.333780007668,5334.46321955881,23-7-18 19:27:17
45653,509.603381823062,5334.3908631778,23-7-18 19:42:18
45653,509.851391933414,5334.3380445346,23-7-18 19:57:19
45653,510.154709656211,5334.33979774201,23-7-18 20:12:18
45653,510.52311997277,5334.32723703368,23-7-18 20:27:20
45653,510.877554773852,5334.43049109553,23-7-18 20:42:18
45653,511.362150400214,5334.43621284242,23-7-18 20:57:18
45653,511.831420216229,5334.48117968451,23-7-18 21:12:18
45653,512.762028588914,5334.45028059748,23-7-18 21:27:22
45653,514.347866952162,5334.2016188633,23-7-18 21:44:17
45653,516.079363032228,5333.98637086861,23-7-18 22:1:17
45653,518.487797743071,5333.75867812204,23-7-18 22:18:17
45653,520.387065168292,5332.44189110824,23-7-18 22:35:19
45653,514.606765015874,5332.20591892928,23-7-18 22:52:17
45653,512.496567996432,5332.23471100587,23-7-19 0:0:23
45653,513.423591062596,5332.58959812206,23-7-19 0:17:14
45653,514.377885730898,5332.90935907955,23-7-19 0:34:13
45653,515.279304333222,5332.88112933254,23-7-19 0:51:15
45653,513.602293064933,5336.20327056653,23-7-19 1:8:31
45653,517.265360746297,5333.27268977377,23-7-19 1:25:12
45653,518.005243927773,5333.70123032259,23-7-19 1:42:14
45653,518.881731706249,5333.87233765246,23-7-19 1:59:13
45653,519.424924539301,5333.73933166943,23-7-19 2:16:14
45653,519.798116546546,5333.58833564588,23-7-19 2:33:15
45653,520.164396297216,5333.46279288272,23-7-19 2:50:15
45653,520.419757373629,5333.36955461372,23-7-19 3:7:15
45653,520.394633127303,5333.30288607777,23-7-19 3:24:17
45653,520.382930733066,5333.24738047763,23-7-19 3:41:30
45653,520.005041632411,5333.30573408294,23-7-19 3:58:13
45653,519.3995259948,5333.42168987225,23-7-19 4:15:26
45653,518.534123537047,5333.85252746171,23-7-19 4:32:16
45653,517.57734851061,5334.56164459272,23-7-19 4:49:13
45653,516.53229900571,5335.59166661324,23-7-19 5:6:20
45653,515.384355565265,5336.16077322499,23-7-19 5:23:18
45653,514.328123086663,5336.64897719896,23-7-19 5:40:13
45653,513.507988237721,5336.85116220517,23-7-19 5:57:21
45653,512.903810184742,5337.2268977724,23-7-19 6:14:18
45653,512.319163356896,5337.23283200376,23-7-19 6:31:14
45653,511.916654152943,5337.43227052296,23-7-19 6:48:16
45653,511.521111170969,5337.54494327252,23-7-19 7:5:14
45653,511.218563120645,5337.72985042154,23-7-19 7:22:6
45653,510.620024860354,5337.80173184767,23-7-19 7:39:13
45653,510.301036147513,5337.89640321241,23-7-19 7:56:7
45653,509.981747012982,5337.9989834914,23-7-19 8:13:13
45653,509.788944328242,5338.14792420191,23-7-19 8:30:14
45653,509.657641574117,5338.23195235064,23-7-19 8:47:5
45653,509.702737586929,5338.23825317895,23-7-19 9:4:1
45653,509.677267427487,5338.27122150925,23-7-19 9:21:5
45653,509.570931622512,5338.18112201217,23-7-19 9:38:3
45653,505.740984691755,5330.41233528705,23-7-19 9:54:51
45653,505.69805420739,5330.40684613073,23-7-19 10:12:2
45653,505.729585927404,5330.42599512438,23-7-19 10:28:50
45653,507.160082765226,5329.95311263627,23-7-19 10:45:50
45653,507.782028190717,5330.09486026033,23-7-19 11:2:53
45653,508.183837132581,5330.17544731524,23-7-19 11:19:55
45653,508.279364369585,5330.39677015821,23-7-19 11:36:54
45653,508.451954317174,5330.58019512612,23-7-19 11:54:5
45653,508.732209003851,5330.90505848001,23-7-19 12:10:53
45653,508.880210617214,5331.5234951867,23-7-19 12:28:0
45653,508.879361422478,5330.63197037658,23-7-19 12:44:50
45653,509.1498446601,5330.21036513152,23-7-19 13:1:48
45653,509.942731494563,5330.30016127773,23-7-19 13:52:55
45653,509.570316111915,5330.37310707053,23-7-19 14:9:57
45653,509.233080436569,5330.23195040949,23-7-19 14:26:56
45653,509.022610306664,5330.10601707247,23-7-19 14:44:0
45653,508.672641636146,5329.85228012731,23-7-19 15:0:56
45653,508.358462479006,5329.73577399777,23-7-19 15:17:55
45653,508.056265440882,5329.55728121186,23-7-19 15:34:53
45653,507.777399806994,5329.39317423607,23-7-19 15:49:54
45653,507.61053280086,5329.17254301319,23-7-19 16:4:57
45653,507.734151417815,5329.01254394356,23-7-19 16:19:55
45653,507.71598268789,5328.90770664905,23-7-19 16:34:57
45653,507.772621208909,5328.58167437956,23-7-19 16:51:57
45653,508.021293834172,5328.64837262661,23-7-19 17:9:4
45653,507.816940856256,5328.61418994953,23-7-19 17:25:55
45653,507.593804234157,5328.54142122729,23-7-19 17:42:58
45653,507.354469919132,5328.6730418635,23-7-19 18:0:7
45653,507.286592331441,5328.78443675362,23-7-19 18:16:55
45653,507.334306623329,5328.84073863139,23-7-19 18:33:54
45653,507.324635364169,5329.01144992051,23-7-19 18:50:53
45653,507.300190354017,5328.97796309815,23-7-19 19:5:53
45653,507.40467678149,5328.98943432904,23-7-19 19:20:53
45653,507.460831952377,5329.02029525537,23-7-19 19:35:53
45653,507.438305946511,5328.9999258327,23-7-19 19:50:53
45653,507.487575472864,5329.05967662928,23-7-19 20:5:55
45653,507.674559194333,5329.04814238235,23-7-19 20:20:57
45653,507.676181865268,5329.11472236521,23-7-19 20:35:57
45653,507.661917362126,5329.20662289018,23-7-19 20:50:55
45653,507.702595542938,5329.28725995926,23-7-19 21:5:55
45653,507.905581655365,5329.32421547206,23-7-19 21:20:53
45653,508.403135097551,5329.11351972054,23-7-19 21:37:57
45653,508.425620277583,5328.95661136518,23-7-19 21:54:53
45653,508.394461876227,5329.19119967135,23-7-19 22:11:53
45653,508.341516570104,5329.61837658191,23-7-19 22:28:53
45653,508.472757178043,5329.89777406446,23-7-19 22:46:1
45653,508.634719497533,5330.22590400116,23-7-19 23:2:52
45653,508.863283136101,5330.5395809898,23-7-19 23:19:54
45653,509.026249361759,5330.81870744912,23-7-19 23:36:52
45653,509.287410357595,5331.23671077401,23-7-19 23:53:51
45653,509.534705853703,5331.29113563461,23-7-20 0:10:52
45653,509.933306512287,5331.35750239021,23-7-20 0:27:53
45653,515.131629573031,5332.41379821124,23-7-20 0:44:51
45653,515.948377888865,5332.68833251167,23-7-20 1:1:56
45653,516.997384566051,5332.92198811918,23-7-20 1:18:51
45653,518.042910985127,5333.40702419731,23-7-20 1:35:55
45653,519.848869339693,5333.04354297061,23-7-20 2:9:51
45653,520.251846997554,5332.4158464578,23-7-20 2:26:52
45653,520.207459751202,5332.3253246632,23-7-20 2:43:50
45653,516.387973348392,5334.27579167323,23-7-20 3:0:51
45653,516.350367949974,5334.32003280668,23-7-20 3:17:53
45653,516.113929776344,5334.28157076141,23-7-20 3:34:59
45653,515.7091906871,5334.24810005864,23-7-20 3:51:50
45653,510.519432903251,5332.2071713372,23-7-20 4:42:47
45653,510.180602731306,5332.32526559172,23-7-20 4:59:54
45653,509.813740523426,5332.35808049142,23-7-20 5:16:55
45653,509.407191451018,5332.14554787503,23-7-20 5:34:2
45653,509.023699956423,5331.96375768828,23-7-20 5:50:57
45653,509.360749813215,5331.88627257272,23-7-20 6:8:1
45653,508.039034344483,5331.81090518478,23-7-20 6:41:47
45653,507.684093817914,5331.8148635759,23-7-20 6:58:47
45653,507.404824953582,5331.80938259418,23-7-20 7:15:54
45653,507.057373866209,5331.83350746431,23-7-20 7:32:54
45653,506.842303065271,5331.89393349172,23-7-20 7:49:57
45653,506.635023563129,5332.03962769802,23-7-20 8:7:0
45653,506.495545279089,5332.23153271636,23-7-20 8:23:46
45653,506.201685201507,5332.39137206893,23-7-20 8:57:47
45653,506.292225566327,5332.51595756089,23-7-20 9:14:43
45653,506.259373125742,5332.62840412588,23-7-20 9:31:45
45653,506.266985191281,5332.80936276625,23-7-20 9:48:45
45653,506.287313945962,5332.99178036597,23-7-20 10:5:45
45653,506.430868492153,5333.18733971238,23-7-20 10:22:44
45653,506.561955657371,5333.35043292879,23-7-20 10:39:44
45653,506.655010964779,5333.65875658137,23-7-20 10:56:44
45653,506.7273915851,5333.89603330762,23-7-20 11:13:44
45653,506.815285661307,5334.089870218,23-7-20 11:30:44
45653,506.984286411885,5334.29714492864,23-7-20 11:47:51
45653,507.151899896204,5334.41472560584,23-7-20 12:4:43
45653,507.285320182487,5334.69265587892,23-7-20 12:21:45
45653,507.364641034565,5334.87971052238,23-7-20 12:38:45
45653,507.511115794458,5335.05207130554,23-7-20 12:55:53
45653,507.60601641675,5335.14333920288,23-7-20 13:12:50
45653,514.092661215815,5332.44637938952,23-7-20 13:29:39
45653,520.055381302906,5338.09827388688,23-7-20 13:46:40
45653,517.462025631115,5339.73890030601,23-7-20 14:3:42
45653,516.901225992841,5340.25562013929,23-7-20 14:20:40
45653,516.282627488933,5341.09790208137,23-7-20 14:37:46
45653,515.934287978371,5342.05304004124,23-7-20 14:54:39
45653,518.843486434563,5346.54732868946,23-7-20 15:28:38
45653,518.650561110153,5346.8634776461,23-7-20 15:45:38
45653,518.270954835626,5347.04931656119,23-7-20 16:2:45
45653,517.894301630457,5347.08246681014,23-7-20 16:19:36
45653,517.45720947005,5346.96184409801,23-7-20 16:36:35
45653,517.222276415583,5346.7729483983,23-7-20 16:53:35
45653,517.128821202658,5346.51379348149,23-7-20 17:10:42
45653,517.0535739032,5346.24269030947,23-7-20 17:27:35
45653,516.977913511824,5345.98325800592,23-7-20 17:44:37
45653,516.899173104976,5345.75905285697,23-7-20 18:1:35
45653,516.794995640233,5345.52621519094,23-7-20 18:16:34
45653,516.673353834516,5345.29821911507,23-7-20 18:31:35
45653,516.579924142225,5345.03874068343,23-7-20 18:48:33
45653,516.510889020474,5344.78522558416,23-7-20 19:5:33
45653,516.483368273811,5344.52260576526,23-7-20 19:22:41
45653,516.512926659445,5344.20991074388,23-7-20 19:39:36
45653,516.519013426822,5343.85135353966,23-7-20 19:54:37
45653,516.497601232051,5343.4773780156,23-7-20 20:9:35
45653,516.445876519762,5343.08330806621,23-7-20 20:24:37
45653,516.322406020927,5342.69258993649,23-7-20 20:39:35
45653,516.327016788064,5342.24910969223,23-7-20 20:56:36
45653,515.917861242325,5341.52602691792,23-7-20 21:13:32
45653,515.760161350748,5340.78310078073,23-7-20 21:30:32
45653,517.456504540524,5344.23639727847,23-7-20 22:21:39
45653,517.120770270733,5343.85779713874,23-7-20 22:38:29
45653,516.821603891927,5343.27425057331,23-7-20 22:55:31
45653,516.48606888762,5342.53555928911,23-7-20 23:12:29
45653,516.248028053514,5341.40658098684,23-7-20 23:29:29
45653,516.245595393185,5339.96494665723,23-7-20 23:46:31
45653,517.460290009352,5338.53279797649,23-7-21 0:3:28
45653,518.897366059002,5337.26314052047,23-7-21 0:20:29
45653,520.315215891524,5335.91452456778,23-7-21 0:37:28
45653,521.671241550577,5334.4368674394,23-7-21 0:54:28
45653,522.951711940405,5332.4066986971,23-7-21 1:11:29
45653,524.250169588735,5330.19082735296,23-7-21 1:28:28
45653,526.988465234193,5326.43720001234,23-7-21 2:2:29
45653,521.212868096386,5328.51730723032,23-7-21 2:19:27
45653,520.728406102199,5328.89244129349,23-7-21 2:53:30
45653,516.835644473218,5332.95974535294,23-7-21 3:10:26
45653,515.898508945048,5332.6730773951,23-7-21 3:27:27
45653,515.864180047215,5332.90139432651,23-7-21 3:44:30
45653,515.538777724645,5333.11557557592,23-7-21 4:1:30
45653,515.152516575753,5333.29037797775,23-7-21 4:18:31
45653,514.705972000746,5333.4903931853,23-7-21 4:35:34
45653,514.224123149839,5333.72425586623,23-7-21 4:52:42
45653,513.607662812531,5333.82167906903,23-7-21 5:9:34
45653,512.745064092892,5333.95440496373,23-7-21 5:26:32
45653,512.216240674344,5333.81587034017,23-7-21 5:43:29
45653,510.885538561327,5333.51752594637,23-7-21 6:17:26
45653,506.331849937569,5329.98070209147,23-7-21 6:34:24
45653,505.750254905212,5330.36944130257,23-7-21 6:51:28
45653,505.735410114498,5330.40599424069,23-7-21 7:8:25
45653,505.736153793042,5330.40643957933,23-7-21 7:25:29
45653,505.676674764657,5330.58021644079,23-7-21 7:40:30
45653,505.783000609315,5330.36547293913,23-7-21 7:55:26
45653,505.762147653726,5330.38267991923,23-7-21 8:10:29
45653,505.736674791126,5330.40632895289,23-7-21 8:25:28
45653,505.713659068591,5330.42864677082,23-7-21 8:40:29
45653,505.662209861223,5330.38413629624,23-7-21 8:55:27
45653,506.131657973632,5329.98770887903,23-7-21 9:12:29
45653,506.031960787401,5329.96604021576,23-7-21 9:29:27
45653,505.974376065218,5330.09435620098,23-7-21 9:46:27
45653,505.711854328512,5330.44754020133,23-7-21 10:3:27
45653,505.728105023583,5330.41865784717,23-7-21 10:20:25
45653,505.709367106273,5330.40463443189,23-7-21 10:37:25
45659,506.750028848895,5328.19180452598,23-7-13 9:5:1
45659,506.396573704291,5328.13226827175,23-7-13 9:25:14
45659,506.051311987012,5328.27282895065,23-7-13 9:45:19
45659,505.793260058899,5328.31457618082,23-7-13 10:5:21
45659,505.670399530259,5328.42526788159,23-7-13 10:25:24
45659,505.585260937609,5328.55878423567,23-7-13 10:45:25
45659,511.666685009001,5331.79614328462,23-7-13 11:5:32
45659,515.340482594357,5334.55876296944,23-7-13 11:25:39
45659,514.046432854384,5335.30680982543,23-7-13 11:45:34
45659,515.95050609303,5340.60790004199,23-7-13 12:5:36
45659,511.818896268493,5345.22539530269,23-7-13 12:46:41
45659,510.326576969666,5345.17258894622,23-7-13 13:6:57
45659,509.122365399367,5344.41993091429,23-7-13 13:27:28
45659,510.706745101483,5345.16717715801,23-7-13 13:47:59
45659,508.663765180928,5343.88613553053,23-7-13 14:8:40
45659,508.504729873517,5343.99849194507,23-7-13 14:28:58
45659,509.074498287108,5344.41274084929,23-7-13 14:49:25
45659,511.699616001179,5345.04886320729,23-7-13 15:9:51
45659,523.107231569857,5359.24079557139,23-7-13 16:11:27
45659,522.887741295743,5360.51674429899,23-7-13 17:33:14
45659,522.648887391936,5360.7725538935,23-7-13 17:53:50
45659,521.720581333466,5361.16963664858,23-7-13 18:34:53
45659,521.146218525063,5360.67893930814,23-7-13 18:55:24
45659,521.421431269729,5360.57882109631,23-7-13 19:16:2
45659,521.413231017162,5360.57456623958,23-7-13 19:36:37
45659,521.507084934767,5360.61482602034,23-7-13 19:57:4
45659,521.609787519098,5360.83841575964,23-7-13 20:15:40
45659,521.58805105785,5361.14300908568,23-7-13 20:34:21
45659,521.448084844041,5361.47738835854,23-7-13 20:52:59
45659,521.34198442168,5361.78433204778,23-7-13 21:11:40
45659,521.186859249649,5362.34152714501,23-7-13 21:32:13
45659,520.951847122985,5362.60042346276,23-7-13 21:52:44
45659,523.826666067887,5361.02047674567,23-7-13 23:35:2
45659,523.505301295358,5360.69656277976,23-7-13 23:55:34
45659,523.202008497531,5360.7773464458,23-7-14 0:16:6
45659,523.045194541863,5360.53283246232,23-7-14 0:36:40
45659,522.419833723735,5361.45669341703,23-7-14 1:38:7
45659,520.458860608121,5358.83502877256,23-7-14 2:19:4
45659,521.397415530985,5359.84188439406,23-7-14 2:39:36
45659,521.236906596939,5360.27978725648,23-7-14 3:0:6
45659,521.226615861811,5360.71525386881,23-7-14 3:20:44
45659,521.375539665702,5359.75343381075,23-7-14 4:1:35
45659,516.996078608343,5349.64255511921,23-7-14 4:22:5
45659,516.580323186457,5349.10724104759,23-7-14 4:42:34
45659,516.212862539816,5348.54241787075,23-7-14 5:3:5
45659,513.025585898585,5342.87728841954,23-7-14 5:23:26
45659,512.965204428466,5342.36152151659,23-7-14 5:44:1
45659,510.41498021935,5334.94936446782,23-7-14 6:4:27
45659,510.458037878076,5334.25442598421,23-7-14 6:24:59
45659,507.837395136874,5330.90954325712,23-7-14 6:45:28
45659,508.115304353934,5330.85513420788,23-7-14 7:6:1
45659,508.319230116837,5330.61501253031,23-7-14 7:26:31
45659,508.358558483718,5330.23082934538,23-7-14 7:47:1
45659,508.033965505566,5329.85623905051,23-7-14 8:7:40
45659,505.691199319367,5330.41584233454,23-7-14 8:28:0
45659,505.77510308639,5330.37513487973,23-7-14 8:48:50
45659,505.710147144162,5330.36862312505,23-7-14 9:29:52
45659,505.68922212019,5334.72274485556,23-7-14 9:50:9
45659,505.69906323376,5330.43974706599,23-7-14 10:31:22
45659,506.432265648804,5331.94436405779,23-7-14 10:49:53
45659,507.116206459051,5334.17604385564,23-7-14 11:10:26
45659,506.599967483984,5334.76240348307,23-7-14 11:30:54
45659,505.797936438577,5335.45065924598,23-7-14 11:51:29
45659,509.246117288065,5345.32890172858,23-7-14 12:12:0
45659,513.991578968739,5344.18193514615,23-7-14 12:32:34
